object,night,filter,source_file,output_file,bias_source,bias_days_offset,flat_source,flat_days_offset
HII 1883,20110122,open,/Volumes/starstuff/Frames/NURO_2011/sorted/HII 1883/20110122.036.fits.gz,/Volumes/starstuff/Frames/NURO_2011/calibrated_nnf/HII 1883/20110122/20110122.036.fits.gz,night-specific,0,night-specific,0
HII 1883,20110122,open,/Volumes/starstuff/Frames/NURO_2011/sorted/HII 1883/20110122.037.fits.gz,/Volumes/starstuff/Frames/NURO_2011/calibrated_nnf/HII 1883/20110122/20110122.037.fits.gz,night-specific,0,night-specific,0
HII 1883,20110122,open,/Volumes/starstuff/Frames/NURO_2011/sorted/HII 1883/20110122.042.fits.gz,/Volumes/starstuff/Frames/NURO_2011/calibrated_nnf/HII 1883/20110122/20110122.042.fits.gz,night-specific,0,night-specific,0
HII 1883,20110122,open,/Volumes/starstuff/Frames/NURO_2011/sorted/HII 1883/20110122.043.fits.gz,/Volumes/starstuff/Frames/NURO_2011/calibrated_nnf/HII 1883/20110122/20110122.043.fits.gz,night-specific,0,night-specific,0
HII 1883,20110122,open,/Volumes/starstuff/Frames/NURO_2011/sorted/HII 1883/20110122.049.fits.gz,/Volumes/starstuff/Frames/NURO_2011/calibrated_nnf/HII 1883/20110122/20110122.049.fits.gz,night-specific,0,night-specific,0
HII 1883,20110122,open,/Volumes/starstuff/Frames/NURO_2011/sorted/HII 1883/20110122.050.fits.gz,/Volumes/starstuff/Frames/NURO_2011/calibrated_nnf/HII 1883/20110122/20110122.050.fits.gz,night-specific,0,night-specific,0
HII 1883,20110122,open,/Volumes/starstuff/Frames/NURO_2011/sorted/HII 1883/20110122.055.fits.gz,/Volumes/starstuff/Frames/NURO_2011/calibrated_nnf/HII 1883/20110122/20110122.055.fits.gz,night-specific,0,night-specific,0
HII 1883,20110122,open,/Volumes/starstuff/Frames/NURO_2011/sorted/HII 1883/20110122.056.fits.gz,/Volumes/starstuff/Frames/NURO_2011/calibrated_nnf/HII 1883/20110122/20110122.056.fits.gz,night-specific,0,night-specific,0
HII 1883,20110122,open,/Volumes/starstuff/Frames/NURO_2011/sorted/HII 1883/20110122.062.fits.gz,/Volumes/starstuff/Frames/NURO_2011/calibrated_nnf/HII 1883/20110122/20110122.062.fits.gz,night-specific,0,night-specific,0
HII 1883,20110122,open,/Volumes/starstuff/Frames/NURO_2011/sorted/HII 1883/20110122.063.fits.gz,/Volumes/starstuff/Frames/NURO_2011/calibrated_nnf/HII 1883/20110122/20110122.063.fits.gz,night-specific,0,night-specific,0
HII 1883,20110122,open,/Volumes/starstuff/Frames/NURO_2011/sorted/HII 1883/20110122.068.fits.gz,/Volumes/starstuff/Frames/NURO_2011/calibrated_nnf/HII 1883/20110122/20110122.068.fits.gz,night-specific,0,night-specific,0
HII 1883,20110122,open,/Volumes/starstuff/Frames/NURO_2011/sorted/HII 1883/20110122.069.fits.gz,/Volumes/starstuff/Frames/NURO_2011/calibrated_nnf/HII 1883/20110122/20110122.069.fits.gz,night-specific,0,night-specific,0
HII 1883,20110122,open,/Volumes/starstuff/Frames/NURO_2011/sorted/HII 1883/20110122.075.fits.gz,/Volumes/starstuff/Frames/NURO_2011/calibrated_nnf/HII 1883/20110122/20110122.075.fits.gz,night-specific,0,night-specific,0
HII 1883,20110122,open,/Volumes/starstuff/Frames/NURO_2011/sorted/HII 1883/20110122.076.fits.gz,/Volumes/starstuff/Frames/NURO_2011/calibrated_nnf/HII 1883/20110122/20110122.076.fits.gz,night-specific,0,night-specific,0
HII 1883,20110122,open,/Volumes/starstuff/Frames/NURO_2011/sorted/HII 1883/20110122.081.fits.gz,/Volumes/starstuff/Frames/NURO_2011/calibrated_nnf/HII 1883/20110122/20110122.081.fits.gz,night-specific,0,night-specific,0
HII 1883,20110122,open,/Volumes/starstuff/Frames/NURO_2011/sorted/HII 1883/20110122.082.fits.gz,/Volumes/starstuff/Frames/NURO_2011/calibrated_nnf/HII 1883/20110122/20110122.082.fits.gz,night-specific,0,night-specific,0
HII 1883,20110122,open,/Volumes/starstuff/Frames/NURO_2011/sorted/HII 1883/20110122.088.fits.gz,/Volumes/starstuff/Frames/NURO_2011/calibrated_nnf/HII 1883/20110122/20110122.088.fits.gz,night-specific,0,night-specific,0
HII 1883,20110122,open,/Volumes/starstuff/Frames/NURO_2011/sorted/HII 1883/20110122.089.fits.gz,/Volumes/starstuff/Frames/NURO_2011/calibrated_nnf/HII 1883/20110122/20110122.089.fits.gz,night-specific,0,night-specific,0
HII 1883,20110122,open,/Volumes/starstuff/Frames/NURO_2011/sorted/HII 1883/20110122.094.fits.gz,/Volumes/starstuff/Frames/NURO_2011/calibrated_nnf/HII 1883/20110122/20110122.094.fits.gz,night-specific,0,night-specific,0
HII 1883,20110122,open,/Volumes/starstuff/Frames/NURO_2011/sorted/HII 1883/20110122.095.fits.gz,/Volumes/starstuff/Frames/NURO_2011/calibrated_nnf/HII 1883/20110122/20110122.095.fits.gz,night-specific,0,night-specific,0
HII 1883,20110122,open,/Volumes/starstuff/Frames/NURO_2011/sorted/HII 1883/20110122.101.fits.gz,/Volumes/starstuff/Frames/NURO_2011/calibrated_nnf/HII 1883/20110122/20110122.101.fits.gz,night-specific,0,night-specific,0
HII 1883,20110122,open,/Volumes/starstuff/Frames/NURO_2011/sorted/HII 1883/20110122.102.fits.gz,/Volumes/starstuff/Frames/NURO_2011/calibrated_nnf/HII 1883/20110122/20110122.102.fits.gz,night-specific,0,night-specific,0
HII 1883,20110123,open,/Volumes/starstuff/Frames/NURO_2011/sorted/HII 1883/20110123.026.fits.gz,/Volumes/starstuff/Frames/NURO_2011/calibrated_nnf/HII 1883/20110123/20110123.026.fits.gz,night-specific,0,night-specific,1
HII 1883,20110123,open,/Volumes/starstuff/Frames/NURO_2011/sorted/HII 1883/20110123.027.fits.gz,/Volumes/starstuff/Frames/NURO_2011/calibrated_nnf/HII 1883/20110123/20110123.027.fits.gz,night-specific,0,night-specific,1
HII 1883,20110123,open,/Volumes/starstuff/Frames/NURO_2011/sorted/HII 1883/20110123.032.fits.gz,/Volumes/starstuff/Frames/NURO_2011/calibrated_nnf/HII 1883/20110123/20110123.032.fits.gz,night-specific,0,night-specific,1
HII 1883,20110123,open,/Volumes/starstuff/Frames/NURO_2011/sorted/HII 1883/20110123.033.fits.gz,/Volumes/starstuff/Frames/NURO_2011/calibrated_nnf/HII 1883/20110123/20110123.033.fits.gz,night-specific,0,night-specific,1
HII 1883,20110123,open,/Volumes/starstuff/Frames/NURO_2011/sorted/HII 1883/20110123.039.fits.gz,/Volumes/starstuff/Frames/NURO_2011/calibrated_nnf/HII 1883/20110123/20110123.039.fits.gz,night-specific,0,night-specific,1
HII 1883,20110123,open,/Volumes/starstuff/Frames/NURO_2011/sorted/HII 1883/20110123.040.fits.gz,/Volumes/starstuff/Frames/NURO_2011/calibrated_nnf/HII 1883/20110123/20110123.040.fits.gz,night-specific,0,night-specific,1
HII 1883,20110123,open,/Volumes/starstuff/Frames/NURO_2011/sorted/HII 1883/20110123.045.fits.gz,/Volumes/starstuff/Frames/NURO_2011/calibrated_nnf/HII 1883/20110123/20110123.045.fits.gz,night-specific,0,night-specific,1
HII 1883,20110123,open,/Volumes/starstuff/Frames/NURO_2011/sorted/HII 1883/20110123.046.fits.gz,/Volumes/starstuff/Frames/NURO_2011/calibrated_nnf/HII 1883/20110123/20110123.046.fits.gz,night-specific,0,night-specific,1
HII 1883,20110123,open,/Volumes/starstuff/Frames/NURO_2011/sorted/HII 1883/20110123.052.fits.gz,/Volumes/starstuff/Frames/NURO_2011/calibrated_nnf/HII 1883/20110123/20110123.052.fits.gz,night-specific,0,night-specific,1
HII 1883,20110123,open,/Volumes/starstuff/Frames/NURO_2011/sorted/HII 1883/20110123.053.fits.gz,/Volumes/starstuff/Frames/NURO_2011/calibrated_nnf/HII 1883/20110123/20110123.053.fits.gz,night-specific,0,night-specific,1
HII 1883,20110123,open,/Volumes/starstuff/Frames/NURO_2011/sorted/HII 1883/20110123.058.fits.gz,/Volumes/starstuff/Frames/NURO_2011/calibrated_nnf/HII 1883/20110123/20110123.058.fits.gz,night-specific,0,night-specific,1
HII 1883,20110123,open,/Volumes/starstuff/Frames/NURO_2011/sorted/HII 1883/20110123.059.fits.gz,/Volumes/starstuff/Frames/NURO_2011/calibrated_nnf/HII 1883/20110123/20110123.059.fits.gz,night-specific,0,night-specific,1
HII 1883,20110123,open,/Volumes/starstuff/Frames/NURO_2011/sorted/HII 1883/20110123.065.fits.gz,/Volumes/starstuff/Frames/NURO_2011/calibrated_nnf/HII 1883/20110123/20110123.065.fits.gz,night-specific,0,night-specific,1
HII 1883,20110123,open,/Volumes/starstuff/Frames/NURO_2011/sorted/HII 1883/20110123.066.fits.gz,/Volumes/starstuff/Frames/NURO_2011/calibrated_nnf/HII 1883/20110123/20110123.066.fits.gz,night-specific,0,night-specific,1
HII 1883,20110123,open,/Volumes/starstuff/Frames/NURO_2011/sorted/HII 1883/20110123.071.fits.gz,/Volumes/starstuff/Frames/NURO_2011/calibrated_nnf/HII 1883/20110123/20110123.071.fits.gz,night-specific,0,night-specific,1
HII 1883,20110123,open,/Volumes/starstuff/Frames/NURO_2011/sorted/HII 1883/20110123.072.fits.gz,/Volumes/starstuff/Frames/NURO_2011/calibrated_nnf/HII 1883/20110123/20110123.072.fits.gz,night-specific,0,night-specific,1
HII 1883,20110123,open,/Volumes/starstuff/Frames/NURO_2011/sorted/HII 1883/20110123.078.fits.gz,/Volumes/starstuff/Frames/NURO_2011/calibrated_nnf/HII 1883/20110123/20110123.078.fits.gz,night-specific,0,night-specific,1
HII 1883,20110123,open,/Volumes/starstuff/Frames/NURO_2011/sorted/HII 1883/20110123.079.fits.gz,/Volumes/starstuff/Frames/NURO_2011/calibrated_nnf/HII 1883/20110123/20110123.079.fits.gz,night-specific,0,night-specific,1
HII 1883,20110123,open,/Volumes/starstuff/Frames/NURO_2011/sorted/HII 1883/20110123.084.fits.gz,/Volumes/starstuff/Frames/NURO_2011/calibrated_nnf/HII 1883/20110123/20110123.084.fits.gz,night-specific,0,night-specific,1
HII 1883,20110123,open,/Volumes/starstuff/Frames/NURO_2011/sorted/HII 1883/20110123.085.fits.gz,/Volumes/starstuff/Frames/NURO_2011/calibrated_nnf/HII 1883/20110123/20110123.085.fits.gz,night-specific,0,night-specific,1
HII 1883,20110124,open,/Volumes/starstuff/Frames/NURO_2011/sorted/HII 1883/20110124.044.fits.gz,/Volumes/starstuff/Frames/NURO_2011/calibrated_nnf/HII 1883/20110124/20110124.044.fits.gz,night-specific,0,night-specific,0
HII 1883,20110124,open,/Volumes/starstuff/Frames/NURO_2011/sorted/HII 1883/20110124.045.fits.gz,/Volumes/starstuff/Frames/NURO_2011/calibrated_nnf/HII 1883/20110124/20110124.045.fits.gz,night-specific,0,night-specific,0
HII 1883,20110124,open,/Volumes/starstuff/Frames/NURO_2011/sorted/HII 1883/20110124.050.fits.gz,/Volumes/starstuff/Frames/NURO_2011/calibrated_nnf/HII 1883/20110124/20110124.050.fits.gz,night-specific,0,night-specific,0
HII 1883,20110124,open,/Volumes/starstuff/Frames/NURO_2011/sorted/HII 1883/20110124.051.fits.gz,/Volumes/starstuff/Frames/NURO_2011/calibrated_nnf/HII 1883/20110124/20110124.051.fits.gz,night-specific,0,night-specific,0
HII 1883,20110124,open,/Volumes/starstuff/Frames/NURO_2011/sorted/HII 1883/20110124.057.fits.gz,/Volumes/starstuff/Frames/NURO_2011/calibrated_nnf/HII 1883/20110124/20110124.057.fits.gz,night-specific,0,night-specific,0
HII 1883,20110124,open,/Volumes/starstuff/Frames/NURO_2011/sorted/HII 1883/20110124.058.fits.gz,/Volumes/starstuff/Frames/NURO_2011/calibrated_nnf/HII 1883/20110124/20110124.058.fits.gz,night-specific,0,night-specific,0
HII 1883,20110124,open,/Volumes/starstuff/Frames/NURO_2011/sorted/HII 1883/20110124.063.fits.gz,/Volumes/starstuff/Frames/NURO_2011/calibrated_nnf/HII 1883/20110124/20110124.063.fits.gz,night-specific,0,night-specific,0
HII 1883,20110124,open,/Volumes/starstuff/Frames/NURO_2011/sorted/HII 1883/20110124.064.fits.gz,/Volumes/starstuff/Frames/NURO_2011/calibrated_nnf/HII 1883/20110124/20110124.064.fits.gz,night-specific,0,night-specific,0
HII 1883,20110124,open,/Volumes/starstuff/Frames/NURO_2011/sorted/HII 1883/20110124.070.fits.gz,/Volumes/starstuff/Frames/NURO_2011/calibrated_nnf/HII 1883/20110124/20110124.070.fits.gz,night-specific,0,night-specific,0
HII 1883,20110124,open,/Volumes/starstuff/Frames/NURO_2011/sorted/HII 1883/20110124.071.fits.gz,/Volumes/starstuff/Frames/NURO_2011/calibrated_nnf/HII 1883/20110124/20110124.071.fits.gz,night-specific,0,night-specific,0
HII 1883,20110124,open,/Volumes/starstuff/Frames/NURO_2011/sorted/HII 1883/20110124.076.fits.gz,/Volumes/starstuff/Frames/NURO_2011/calibrated_nnf/HII 1883/20110124/20110124.076.fits.gz,night-specific,0,night-specific,0
HII 1883,20110124,open,/Volumes/starstuff/Frames/NURO_2011/sorted/HII 1883/20110124.077.fits.gz,/Volumes/starstuff/Frames/NURO_2011/calibrated_nnf/HII 1883/20110124/20110124.077.fits.gz,night-specific,0,night-specific,0
HII 1883,20110124,open,/Volumes/starstuff/Frames/NURO_2011/sorted/HII 1883/20110124.083.fits.gz,/Volumes/starstuff/Frames/NURO_2011/calibrated_nnf/HII 1883/20110124/20110124.083.fits.gz,night-specific,0,night-specific,0
HII 1883,20110124,open,/Volumes/starstuff/Frames/NURO_2011/sorted/HII 1883/20110124.084.fits.gz,/Volumes/starstuff/Frames/NURO_2011/calibrated_nnf/HII 1883/20110124/20110124.084.fits.gz,night-specific,0,night-specific,0
HII 1883,20110124,open,/Volumes/starstuff/Frames/NURO_2011/sorted/HII 1883/20110124.089.fits.gz,/Volumes/starstuff/Frames/NURO_2011/calibrated_nnf/HII 1883/20110124/20110124.089.fits.gz,night-specific,0,night-specific,0
HII 1883,20110124,open,/Volumes/starstuff/Frames/NURO_2011/sorted/HII 1883/20110124.090.fits.gz,/Volumes/starstuff/Frames/NURO_2011/calibrated_nnf/HII 1883/20110124/20110124.090.fits.gz,night-specific,0,night-specific,0
HII 1883,20110124,open,/Volumes/starstuff/Frames/NURO_2011/sorted/HII 1883/20110124.096.fits.gz,/Volumes/starstuff/Frames/NURO_2011/calibrated_nnf/HII 1883/20110124/20110124.096.fits.gz,night-specific,0,night-specific,0
HII 1883,20110124,open,/Volumes/starstuff/Frames/NURO_2011/sorted/HII 1883/20110124.097.fits.gz,/Volumes/starstuff/Frames/NURO_2011/calibrated_nnf/HII 1883/20110124/20110124.097.fits.gz,night-specific,0,night-specific,0
HII 1883,20110124,open,/Volumes/starstuff/Frames/NURO_2011/sorted/HII 1883/20110124.102.fits.gz,/Volumes/starstuff/Frames/NURO_2011/calibrated_nnf/HII 1883/20110124/20110124.102.fits.gz,night-specific,0,night-specific,0
HII 1883,20110124,open,/Volumes/starstuff/Frames/NURO_2011/sorted/HII 1883/20110124.103.fits.gz,/Volumes/starstuff/Frames/NURO_2011/calibrated_nnf/HII 1883/20110124/20110124.103.fits.gz,night-specific,0,night-specific,0
HII 1883,20110125,open,/Volumes/starstuff/Frames/NURO_2011/sorted/HII 1883/20110125.044.fits.gz,/Volumes/starstuff/Frames/NURO_2011/calibrated_nnf/HII 1883/20110125/20110125.044.fits.gz,night-specific,0,night-specific,0
HII 1883,20110125,open,/Volumes/starstuff/Frames/NURO_2011/sorted/HII 1883/20110125.045.fits.gz,/Volumes/starstuff/Frames/NURO_2011/calibrated_nnf/HII 1883/20110125/20110125.045.fits.gz,night-specific,0,night-specific,0
HII 1883,20110125,open,/Volumes/starstuff/Frames/NURO_2011/sorted/HII 1883/20110125.050.fits.gz,/Volumes/starstuff/Frames/NURO_2011/calibrated_nnf/HII 1883/20110125/20110125.050.fits.gz,night-specific,0,night-specific,0
HII 1883,20110125,open,/Volumes/starstuff/Frames/NURO_2011/sorted/HII 1883/20110125.051.fits.gz,/Volumes/starstuff/Frames/NURO_2011/calibrated_nnf/HII 1883/20110125/20110125.051.fits.gz,night-specific,0,night-specific,0
HII 1883,20110125,open,/Volumes/starstuff/Frames/NURO_2011/sorted/HII 1883/20110125.057.fits.gz,/Volumes/starstuff/Frames/NURO_2011/calibrated_nnf/HII 1883/20110125/20110125.057.fits.gz,night-specific,0,night-specific,0
HII 1883,20110125,open,/Volumes/starstuff/Frames/NURO_2011/sorted/HII 1883/20110125.058.fits.gz,/Volumes/starstuff/Frames/NURO_2011/calibrated_nnf/HII 1883/20110125/20110125.058.fits.gz,night-specific,0,night-specific,0
HII 1883,20110125,open,/Volumes/starstuff/Frames/NURO_2011/sorted/HII 1883/20110125.063.fits.gz,/Volumes/starstuff/Frames/NURO_2011/calibrated_nnf/HII 1883/20110125/20110125.063.fits.gz,night-specific,0,night-specific,0
HII 1883,20110125,open,/Volumes/starstuff/Frames/NURO_2011/sorted/HII 1883/20110125.064.fits.gz,/Volumes/starstuff/Frames/NURO_2011/calibrated_nnf/HII 1883/20110125/20110125.064.fits.gz,night-specific,0,night-specific,0
HII 1883,20110125,open,/Volumes/starstuff/Frames/NURO_2011/sorted/HII 1883/20110125.070.fits.gz,/Volumes/starstuff/Frames/NURO_2011/calibrated_nnf/HII 1883/20110125/20110125.070.fits.gz,night-specific,0,night-specific,0
HII 1883,20110125,open,/Volumes/starstuff/Frames/NURO_2011/sorted/HII 1883/20110125.071.fits.gz,/Volumes/starstuff/Frames/NURO_2011/calibrated_nnf/HII 1883/20110125/20110125.071.fits.gz,night-specific,0,night-specific,0
HII 1883,20110125,open,/Volumes/starstuff/Frames/NURO_2011/sorted/HII 1883/20110125.076.fits.gz,/Volumes/starstuff/Frames/NURO_2011/calibrated_nnf/HII 1883/20110125/20110125.076.fits.gz,night-specific,0,night-specific,0
HII 1883,20110125,open,/Volumes/starstuff/Frames/NURO_2011/sorted/HII 1883/20110125.077.fits.gz,/Volumes/starstuff/Frames/NURO_2011/calibrated_nnf/HII 1883/20110125/20110125.077.fits.gz,night-specific,0,night-specific,0
HII 1883,20110125,open,/Volumes/starstuff/Frames/NURO_2011/sorted/HII 1883/20110125.083.fits.gz,/Volumes/starstuff/Frames/NURO_2011/calibrated_nnf/HII 1883/20110125/20110125.083.fits.gz,night-specific,0,night-specific,0
HII 1883,20110125,open,/Volumes/starstuff/Frames/NURO_2011/sorted/HII 1883/20110125.084.fits.gz,/Volumes/starstuff/Frames/NURO_2011/calibrated_nnf/HII 1883/20110125/20110125.084.fits.gz,night-specific,0,night-specific,0
HII 1883,20110125,open,/Volumes/starstuff/Frames/NURO_2011/sorted/HII 1883/20110125.089.fits.gz,/Volumes/starstuff/Frames/NURO_2011/calibrated_nnf/HII 1883/20110125/20110125.089.fits.gz,night-specific,0,night-specific,0
HII 1883,20110125,open,/Volumes/starstuff/Frames/NURO_2011/sorted/HII 1883/20110125.090.fits.gz,/Volumes/starstuff/Frames/NURO_2011/calibrated_nnf/HII 1883/20110125/20110125.090.fits.gz,night-specific,0,night-specific,0
HII 1883,20110125,open,/Volumes/starstuff/Frames/NURO_2011/sorted/HII 1883/20110125.096.fits.gz,/Volumes/starstuff/Frames/NURO_2011/calibrated_nnf/HII 1883/20110125/20110125.096.fits.gz,night-specific,0,night-specific,0
HII 1883,20110125,open,/Volumes/starstuff/Frames/NURO_2011/sorted/HII 1883/20110125.097.fits.gz,/Volumes/starstuff/Frames/NURO_2011/calibrated_nnf/HII 1883/20110125/20110125.097.fits.gz,night-specific,0,night-specific,0
HII 1883,20110125,open,/Volumes/starstuff/Frames/NURO_2011/sorted/HII 1883/20110125.102.fits.gz,/Volumes/starstuff/Frames/NURO_2011/calibrated_nnf/HII 1883/20110125/20110125.102.fits.gz,night-specific,0,night-specific,0
HII 1883,20110125,open,/Volumes/starstuff/Frames/NURO_2011/sorted/HII 1883/20110125.103.fits.gz,/Volumes/starstuff/Frames/NURO_2011/calibrated_nnf/HII 1883/20110125/20110125.103.fits.gz,night-specific,0,night-specific,0
HII 1883,20110125,open,/Volumes/starstuff/Frames/NURO_2011/sorted/HII 1883/20110125.109.fits.gz,/Volumes/starstuff/Frames/NURO_2011/calibrated_nnf/HII 1883/20110125/20110125.109.fits.gz,night-specific,0,night-specific,0
HII 1883,20110125,open,/Volumes/starstuff/Frames/NURO_2011/sorted/HII 1883/20110125.110.fits.gz,/Volumes/starstuff/Frames/NURO_2011/calibrated_nnf/HII 1883/20110125/20110125.110.fits.gz,night-specific,0,night-specific,0
HII 1883,20110125,open,/Volumes/starstuff/Frames/NURO_2011/sorted/HII 1883/20110125.115.fits.gz,/Volumes/starstuff/Frames/NURO_2011/calibrated_nnf/HII 1883/20110125/20110125.115.fits.gz,night-specific,0,night-specific,0
HII 1883,20110125,open,/Volumes/starstuff/Frames/NURO_2011/sorted/HII 1883/20110125.116.fits.gz,/Volumes/starstuff/Frames/NURO_2011/calibrated_nnf/HII 1883/20110125/20110125.116.fits.gz,night-specific,0,night-specific,0
HII 1883,20110315,open,/Volumes/starstuff/Frames/NURO_2011/sorted/HII 1883/20110315.048.fits,/Volumes/starstuff/Frames/NURO_2011/calibrated_nnf/HII 1883/20110315/20110315.048.fits,nearest-night,1,night-specific,0
HII 1883,20110315,open,/Volumes/starstuff/Frames/NURO_2011/sorted/HII 1883/20110315.049.fits,/Volumes/starstuff/Frames/NURO_2011/calibrated_nnf/HII 1883/20110315/20110315.049.fits,nearest-night,1,night-specific,0
HII 1883,20110315,open,/Volumes/starstuff/Frames/NURO_2011/sorted/HII 1883/20110315.054.fits,/Volumes/starstuff/Frames/NURO_2011/calibrated_nnf/HII 1883/20110315/20110315.054.fits,nearest-night,1,night-specific,0
HII 1883,20110315,open,/Volumes/starstuff/Frames/NURO_2011/sorted/HII 1883/20110315.055.fits,/Volumes/starstuff/Frames/NURO_2011/calibrated_nnf/HII 1883/20110315/20110315.055.fits,nearest-night,1,night-specific,0
HII 1883,20110315,open,/Volumes/starstuff/Frames/NURO_2011/sorted/HII 1883/20110315.061.fits,/Volumes/starstuff/Frames/NURO_2011/calibrated_nnf/HII 1883/20110315/20110315.061.fits,nearest-night,1,night-specific,0
HII 1883,20110315,open,/Volumes/starstuff/Frames/NURO_2011/sorted/HII 1883/20110315.062.fits,/Volumes/starstuff/Frames/NURO_2011/calibrated_nnf/HII 1883/20110315/20110315.062.fits,nearest-night,1,night-specific,0
HII 1883,20110316,open,/Volumes/starstuff/Frames/NURO_2011/sorted/HII 1883/20110316.041.fits,/Volumes/starstuff/Frames/NURO_2011/calibrated_nnf/HII 1883/20110316/20110316.041.fits,night-specific,0,night-specific,0
HII 1883,20110316,open,/Volumes/starstuff/Frames/NURO_2011/sorted/HII 1883/20110316.042.fits,/Volumes/starstuff/Frames/NURO_2011/calibrated_nnf/HII 1883/20110316/20110316.042.fits,night-specific,0,night-specific,0
HII 1883,20110316,open,/Volumes/starstuff/Frames/NURO_2011/sorted/HII 1883/20110316.047.fits,/Volumes/starstuff/Frames/NURO_2011/calibrated_nnf/HII 1883/20110316/20110316.047.fits,night-specific,0,night-specific,0
HII 1883,20110316,open,/Volumes/starstuff/Frames/NURO_2011/sorted/HII 1883/20110316.048.fits,/Volumes/starstuff/Frames/NURO_2011/calibrated_nnf/HII 1883/20110316/20110316.048.fits,night-specific,0,night-specific,0
HII 1883,20110316,open,/Volumes/starstuff/Frames/NURO_2011/sorted/HII 1883/20110316.054.fits,/Volumes/starstuff/Frames/NURO_2011/calibrated_nnf/HII 1883/20110316/20110316.054.fits,night-specific,0,night-specific,0
HII 1883,20110316,open,/Volumes/starstuff/Frames/NURO_2011/sorted/HII 1883/20110316.055.fits,/Volumes/starstuff/Frames/NURO_2011/calibrated_nnf/HII 1883/20110316/20110316.055.fits,night-specific,0,night-specific,0
HII 1883,20110316,open,/Volumes/starstuff/Frames/NURO_2011/sorted/HII 1883/20110316.060.fits,/Volumes/starstuff/Frames/NURO_2011/calibrated_nnf/HII 1883/20110316/20110316.060.fits,night-specific,0,night-specific,0
HII 1883,20110316,open,/Volumes/starstuff/Frames/NURO_2011/sorted/HII 1883/20110316.061.fits,/Volumes/starstuff/Frames/NURO_2011/calibrated_nnf/HII 1883/20110316/20110316.061.fits,night-specific,0,night-specific,0
HII 1883,20110317,open,/Volumes/starstuff/Frames/NURO_2011/sorted/HII 1883/20110317.045.fits,/Volumes/starstuff/Frames/NURO_2011/calibrated_nnf/HII 1883/20110317/20110317.045.fits,night-specific,0,night-specific,0
HII 1883,20110317,open,/Volumes/starstuff/Frames/NURO_2011/sorted/HII 1883/20110317.048.fits,/Volumes/starstuff/Frames/NURO_2011/calibrated_nnf/HII 1883/20110317/20110317.048.fits,night-specific,0,night-specific,0
HII 1883,20110317,open,/Volumes/starstuff/Frames/NURO_2011/sorted/HII 1883/20110317.051.fits,/Volumes/starstuff/Frames/NURO_2011/calibrated_nnf/HII 1883/20110317/20110317.051.fits,night-specific,0,night-specific,0
HII 1883,20110317,open,/Volumes/starstuff/Frames/NURO_2011/sorted/HII 1883/20110317.054.fits,/Volumes/starstuff/Frames/NURO_2011/calibrated_nnf/HII 1883/20110317/20110317.054.fits,night-specific,0,night-specific,0
HII 1883,20110317,open,/Volumes/starstuff/Frames/NURO_2011/sorted/HII 1883/20110317.057.fits,/Volumes/starstuff/Frames/NURO_2011/calibrated_nnf/HII 1883/20110317/20110317.057.fits,night-specific,0,night-specific,0
HII 1883,20110317,open,/Volumes/starstuff/Frames/NURO_2011/sorted/HII 1883/20110317.060.fits,/Volumes/starstuff/Frames/NURO_2011/calibrated_nnf/HII 1883/20110317/20110317.060.fits,night-specific,0,night-specific,0
HII 1883,20111113,open,/Volumes/starstuff/Frames/NURO_2011/sorted/HII 1883/20111113.036.fits.gz,/Volumes/starstuff/Frames/NURO_2011/calibrated_nnf/HII 1883/20111113/20111113.036.fits.gz,night-specific,0,night-specific,0
HII 1883,20111113,open,/Volumes/starstuff/Frames/NURO_2011/sorted/HII 1883/20111113.037.fits.gz,/Volumes/starstuff/Frames/NURO_2011/calibrated_nnf/HII 1883/20111113/20111113.037.fits.gz,night-specific,0,night-specific,0
HII 1883,20111113,open,/Volumes/starstuff/Frames/NURO_2011/sorted/HII 1883/20111113.042.fits.gz,/Volumes/starstuff/Frames/NURO_2011/calibrated_nnf/HII 1883/20111113/20111113.042.fits.gz,night-specific,0,night-specific,0
HII 1883,20111113,open,/Volumes/starstuff/Frames/NURO_2011/sorted/HII 1883/20111113.043.fits.gz,/Volumes/starstuff/Frames/NURO_2011/calibrated_nnf/HII 1883/20111113/20111113.043.fits.gz,night-specific,0,night-specific,0
HII 1883,20111113,open,/Volumes/starstuff/Frames/NURO_2011/sorted/HII 1883/20111113.049.fits.gz,/Volumes/starstuff/Frames/NURO_2011/calibrated_nnf/HII 1883/20111113/20111113.049.fits.gz,night-specific,0,night-specific,0
HII 1883,20111113,open,/Volumes/starstuff/Frames/NURO_2011/sorted/HII 1883/20111113.050.fits.gz,/Volumes/starstuff/Frames/NURO_2011/calibrated_nnf/HII 1883/20111113/20111113.050.fits.gz,night-specific,0,night-specific,0
HII 1883,20111113,open,/Volumes/starstuff/Frames/NURO_2011/sorted/HII 1883/20111113.055.fits.gz,/Volumes/starstuff/Frames/NURO_2011/calibrated_nnf/HII 1883/20111113/20111113.055.fits.gz,night-specific,0,night-specific,0
HII 1883,20111113,open,/Volumes/starstuff/Frames/NURO_2011/sorted/HII 1883/20111113.056.fits.gz,/Volumes/starstuff/Frames/NURO_2011/calibrated_nnf/HII 1883/20111113/20111113.056.fits.gz,night-specific,0,night-specific,0
HII 1883,20111113,open,/Volumes/starstuff/Frames/NURO_2011/sorted/HII 1883/20111113.062.fits.gz,/Volumes/starstuff/Frames/NURO_2011/calibrated_nnf/HII 1883/20111113/20111113.062.fits.gz,night-specific,0,night-specific,0
HII 1883,20111113,open,/Volumes/starstuff/Frames/NURO_2011/sorted/HII 1883/20111113.063.fits.gz,/Volumes/starstuff/Frames/NURO_2011/calibrated_nnf/HII 1883/20111113/20111113.063.fits.gz,night-specific,0,night-specific,0
HII 1883,20111113,open,/Volumes/starstuff/Frames/NURO_2011/sorted/HII 1883/20111113.068.fits.gz,/Volumes/starstuff/Frames/NURO_2011/calibrated_nnf/HII 1883/20111113/20111113.068.fits.gz,night-specific,0,night-specific,0
HII 1883,20111113,open,/Volumes/starstuff/Frames/NURO_2011/sorted/HII 1883/20111113.069.fits.gz,/Volumes/starstuff/Frames/NURO_2011/calibrated_nnf/HII 1883/20111113/20111113.069.fits.gz,night-specific,0,night-specific,0
HII 1883,20111113,open,/Volumes/starstuff/Frames/NURO_2011/sorted/HII 1883/20111113.075.fits.gz,/Volumes/starstuff/Frames/NURO_2011/calibrated_nnf/HII 1883/20111113/20111113.075.fits.gz,night-specific,0,night-specific,0
HII 1883,20111113,open,/Volumes/starstuff/Frames/NURO_2011/sorted/HII 1883/20111113.076.fits.gz,/Volumes/starstuff/Frames/NURO_2011/calibrated_nnf/HII 1883/20111113/20111113.076.fits.gz,night-specific,0,night-specific,0
HII 2244,20110122,open,/Volumes/starstuff/Frames/NURO_2011/sorted/HII 2244/20110122.038.fits.gz,/Volumes/starstuff/Frames/NURO_2011/calibrated_nnf/HII 2244/20110122/20110122.038.fits.gz,night-specific,0,night-specific,0
HII 2244,20110122,open,/Volumes/starstuff/Frames/NURO_2011/sorted/HII 2244/20110122.039.fits.gz,/Volumes/starstuff/Frames/NURO_2011/calibrated_nnf/HII 2244/20110122/20110122.039.fits.gz,night-specific,0,night-specific,0
HII 2244,20110122,open,/Volumes/starstuff/Frames/NURO_2011/sorted/HII 2244/20110122.044.fits.gz,/Volumes/starstuff/Frames/NURO_2011/calibrated_nnf/HII 2244/20110122/20110122.044.fits.gz,night-specific,0,night-specific,0
HII 2244,20110122,open,/Volumes/starstuff/Frames/NURO_2011/sorted/HII 2244/20110122.045.fits.gz,/Volumes/starstuff/Frames/NURO_2011/calibrated_nnf/HII 2244/20110122/20110122.045.fits.gz,night-specific,0,night-specific,0
HII 2244,20110122,open,/Volumes/starstuff/Frames/NURO_2011/sorted/HII 2244/20110122.051.fits.gz,/Volumes/starstuff/Frames/NURO_2011/calibrated_nnf/HII 2244/20110122/20110122.051.fits.gz,night-specific,0,night-specific,0
HII 2244,20110122,open,/Volumes/starstuff/Frames/NURO_2011/sorted/HII 2244/20110122.052.fits.gz,/Volumes/starstuff/Frames/NURO_2011/calibrated_nnf/HII 2244/20110122/20110122.052.fits.gz,night-specific,0,night-specific,0
HII 2244,20110122,open,/Volumes/starstuff/Frames/NURO_2011/sorted/HII 2244/20110122.057.fits.gz,/Volumes/starstuff/Frames/NURO_2011/calibrated_nnf/HII 2244/20110122/20110122.057.fits.gz,night-specific,0,night-specific,0
HII 2244,20110122,open,/Volumes/starstuff/Frames/NURO_2011/sorted/HII 2244/20110122.058.fits.gz,/Volumes/starstuff/Frames/NURO_2011/calibrated_nnf/HII 2244/20110122/20110122.058.fits.gz,night-specific,0,night-specific,0
HII 2244,20110122,open,/Volumes/starstuff/Frames/NURO_2011/sorted/HII 2244/20110122.064.fits.gz,/Volumes/starstuff/Frames/NURO_2011/calibrated_nnf/HII 2244/20110122/20110122.064.fits.gz,night-specific,0,night-specific,0
HII 2244,20110122,open,/Volumes/starstuff/Frames/NURO_2011/sorted/HII 2244/20110122.065.fits.gz,/Volumes/starstuff/Frames/NURO_2011/calibrated_nnf/HII 2244/20110122/20110122.065.fits.gz,night-specific,0,night-specific,0
HII 2244,20110122,open,/Volumes/starstuff/Frames/NURO_2011/sorted/HII 2244/20110122.070.fits.gz,/Volumes/starstuff/Frames/NURO_2011/calibrated_nnf/HII 2244/20110122/20110122.070.fits.gz,night-specific,0,night-specific,0
HII 2244,20110122,open,/Volumes/starstuff/Frames/NURO_2011/sorted/HII 2244/20110122.071.fits.gz,/Volumes/starstuff/Frames/NURO_2011/calibrated_nnf/HII 2244/20110122/20110122.071.fits.gz,night-specific,0,night-specific,0
HII 2244,20110122,open,/Volumes/starstuff/Frames/NURO_2011/sorted/HII 2244/20110122.077.fits.gz,/Volumes/starstuff/Frames/NURO_2011/calibrated_nnf/HII 2244/20110122/20110122.077.fits.gz,night-specific,0,night-specific,0
HII 2244,20110122,open,/Volumes/starstuff/Frames/NURO_2011/sorted/HII 2244/20110122.078.fits.gz,/Volumes/starstuff/Frames/NURO_2011/calibrated_nnf/HII 2244/20110122/20110122.078.fits.gz,night-specific,0,night-specific,0
HII 2244,20110122,open,/Volumes/starstuff/Frames/NURO_2011/sorted/HII 2244/20110122.083.fits.gz,/Volumes/starstuff/Frames/NURO_2011/calibrated_nnf/HII 2244/20110122/20110122.083.fits.gz,night-specific,0,night-specific,0
HII 2244,20110122,open,/Volumes/starstuff/Frames/NURO_2011/sorted/HII 2244/20110122.084.fits.gz,/Volumes/starstuff/Frames/NURO_2011/calibrated_nnf/HII 2244/20110122/20110122.084.fits.gz,night-specific,0,night-specific,0
HII 2244,20110122,open,/Volumes/starstuff/Frames/NURO_2011/sorted/HII 2244/20110122.090.fits.gz,/Volumes/starstuff/Frames/NURO_2011/calibrated_nnf/HII 2244/20110122/20110122.090.fits.gz,night-specific,0,night-specific,0
HII 2244,20110122,open,/Volumes/starstuff/Frames/NURO_2011/sorted/HII 2244/20110122.091.fits,/Volumes/starstuff/Frames/NURO_2011/calibrated_nnf/HII 2244/20110122/20110122.091.fits,night-specific,0,night-specific,0
HII 2244,20110122,open,/Volumes/starstuff/Frames/NURO_2011/sorted/HII 2244/20110122.091.fits.gz,/Volumes/starstuff/Frames/NURO_2011/calibrated_nnf/HII 2244/20110122/20110122.091.fits.gz,night-specific,0,night-specific,0
HII 2244,20110122,open,/Volumes/starstuff/Frames/NURO_2011/sorted/HII 2244/20110122.096.fits.gz,/Volumes/starstuff/Frames/NURO_2011/calibrated_nnf/HII 2244/20110122/20110122.096.fits.gz,night-specific,0,night-specific,0
HII 2244,20110122,open,/Volumes/starstuff/Frames/NURO_2011/sorted/HII 2244/20110122.097.fits.gz,/Volumes/starstuff/Frames/NURO_2011/calibrated_nnf/HII 2244/20110122/20110122.097.fits.gz,night-specific,0,night-specific,0
HII 2244,20110122,open,/Volumes/starstuff/Frames/NURO_2011/sorted/HII 2244/20110122.103.fits.gz,/Volumes/starstuff/Frames/NURO_2011/calibrated_nnf/HII 2244/20110122/20110122.103.fits.gz,night-specific,0,night-specific,0
HII 2244,20110122,open,/Volumes/starstuff/Frames/NURO_2011/sorted/HII 2244/20110122.104.fits.gz,/Volumes/starstuff/Frames/NURO_2011/calibrated_nnf/HII 2244/20110122/20110122.104.fits.gz,night-specific,0,night-specific,0
HII 2244,20110123,open,/Volumes/starstuff/Frames/NURO_2011/sorted/HII 2244/20110123.028.fits.gz,/Volumes/starstuff/Frames/NURO_2011/calibrated_nnf/HII 2244/20110123/20110123.028.fits.gz,night-specific,0,night-specific,1
HII 2244,20110123,open,/Volumes/starstuff/Frames/NURO_2011/sorted/HII 2244/20110123.029.fits.gz,/Volumes/starstuff/Frames/NURO_2011/calibrated_nnf/HII 2244/20110123/20110123.029.fits.gz,night-specific,0,night-specific,1
HII 2244,20110123,open,/Volumes/starstuff/Frames/NURO_2011/sorted/HII 2244/20110123.034.fits.gz,/Volumes/starstuff/Frames/NURO_2011/calibrated_nnf/HII 2244/20110123/20110123.034.fits.gz,night-specific,0,night-specific,1
HII 2244,20110123,open,/Volumes/starstuff/Frames/NURO_2011/sorted/HII 2244/20110123.035.fits.gz,/Volumes/starstuff/Frames/NURO_2011/calibrated_nnf/HII 2244/20110123/20110123.035.fits.gz,night-specific,0,night-specific,1
HII 2244,20110123,open,/Volumes/starstuff/Frames/NURO_2011/sorted/HII 2244/20110123.041.fits.gz,/Volumes/starstuff/Frames/NURO_2011/calibrated_nnf/HII 2244/20110123/20110123.041.fits.gz,night-specific,0,night-specific,1
HII 2244,20110123,open,/Volumes/starstuff/Frames/NURO_2011/sorted/HII 2244/20110123.042.fits.gz,/Volumes/starstuff/Frames/NURO_2011/calibrated_nnf/HII 2244/20110123/20110123.042.fits.gz,night-specific,0,night-specific,1
HII 2244,20110123,open,/Volumes/starstuff/Frames/NURO_2011/sorted/HII 2244/20110123.047.fits.gz,/Volumes/starstuff/Frames/NURO_2011/calibrated_nnf/HII 2244/20110123/20110123.047.fits.gz,night-specific,0,night-specific,1
HII 2244,20110123,open,/Volumes/starstuff/Frames/NURO_2011/sorted/HII 2244/20110123.048.fits.gz,/Volumes/starstuff/Frames/NURO_2011/calibrated_nnf/HII 2244/20110123/20110123.048.fits.gz,night-specific,0,night-specific,1
HII 2244,20110123,open,/Volumes/starstuff/Frames/NURO_2011/sorted/HII 2244/20110123.054.fits.gz,/Volumes/starstuff/Frames/NURO_2011/calibrated_nnf/HII 2244/20110123/20110123.054.fits.gz,night-specific,0,night-specific,1
HII 2244,20110123,open,/Volumes/starstuff/Frames/NURO_2011/sorted/HII 2244/20110123.055.fits.gz,/Volumes/starstuff/Frames/NURO_2011/calibrated_nnf/HII 2244/20110123/20110123.055.fits.gz,night-specific,0,night-specific,1
HII 2244,20110123,open,/Volumes/starstuff/Frames/NURO_2011/sorted/HII 2244/20110123.060.fits.gz,/Volumes/starstuff/Frames/NURO_2011/calibrated_nnf/HII 2244/20110123/20110123.060.fits.gz,night-specific,0,night-specific,1
HII 2244,20110123,open,/Volumes/starstuff/Frames/NURO_2011/sorted/HII 2244/20110123.061.fits.gz,/Volumes/starstuff/Frames/NURO_2011/calibrated_nnf/HII 2244/20110123/20110123.061.fits.gz,night-specific,0,night-specific,1
HII 2244,20110123,open,/Volumes/starstuff/Frames/NURO_2011/sorted/HII 2244/20110123.067.fits.gz,/Volumes/starstuff/Frames/NURO_2011/calibrated_nnf/HII 2244/20110123/20110123.067.fits.gz,night-specific,0,night-specific,1
HII 2244,20110123,open,/Volumes/starstuff/Frames/NURO_2011/sorted/HII 2244/20110123.068.fits.gz,/Volumes/starstuff/Frames/NURO_2011/calibrated_nnf/HII 2244/20110123/20110123.068.fits.gz,night-specific,0,night-specific,1
HII 2244,20110123,open,/Volumes/starstuff/Frames/NURO_2011/sorted/HII 2244/20110123.073.fits.gz,/Volumes/starstuff/Frames/NURO_2011/calibrated_nnf/HII 2244/20110123/20110123.073.fits.gz,night-specific,0,night-specific,1
HII 2244,20110123,open,/Volumes/starstuff/Frames/NURO_2011/sorted/HII 2244/20110123.074.fits.gz,/Volumes/starstuff/Frames/NURO_2011/calibrated_nnf/HII 2244/20110123/20110123.074.fits.gz,night-specific,0,night-specific,1
HII 2244,20110123,open,/Volumes/starstuff/Frames/NURO_2011/sorted/HII 2244/20110123.080.fits.gz,/Volumes/starstuff/Frames/NURO_2011/calibrated_nnf/HII 2244/20110123/20110123.080.fits.gz,night-specific,0,night-specific,1
HII 2244,20110123,open,/Volumes/starstuff/Frames/NURO_2011/sorted/HII 2244/20110123.081.fits.gz,/Volumes/starstuff/Frames/NURO_2011/calibrated_nnf/HII 2244/20110123/20110123.081.fits.gz,night-specific,0,night-specific,1
HII 2244,20110123,open,/Volumes/starstuff/Frames/NURO_2011/sorted/HII 2244/20110123.086.fits.gz,/Volumes/starstuff/Frames/NURO_2011/calibrated_nnf/HII 2244/20110123/20110123.086.fits.gz,night-specific,0,night-specific,1
HII 2244,20110123,open,/Volumes/starstuff/Frames/NURO_2011/sorted/HII 2244/20110123.087.fits.gz,/Volumes/starstuff/Frames/NURO_2011/calibrated_nnf/HII 2244/20110123/20110123.087.fits.gz,night-specific,0,night-specific,1
HII 2244,20110124,open,/Volumes/starstuff/Frames/NURO_2011/sorted/HII 2244/20110124.046.fits.gz,/Volumes/starstuff/Frames/NURO_2011/calibrated_nnf/HII 2244/20110124/20110124.046.fits.gz,night-specific,0,night-specific,0
HII 2244,20110124,open,/Volumes/starstuff/Frames/NURO_2011/sorted/HII 2244/20110124.047.fits.gz,/Volumes/starstuff/Frames/NURO_2011/calibrated_nnf/HII 2244/20110124/20110124.047.fits.gz,night-specific,0,night-specific,0
HII 2244,20110124,open,/Volumes/starstuff/Frames/NURO_2011/sorted/HII 2244/20110124.052.fits.gz,/Volumes/starstuff/Frames/NURO_2011/calibrated_nnf/HII 2244/20110124/20110124.052.fits.gz,night-specific,0,night-specific,0
HII 2244,20110124,open,/Volumes/starstuff/Frames/NURO_2011/sorted/HII 2244/20110124.053.fits.gz,/Volumes/starstuff/Frames/NURO_2011/calibrated_nnf/HII 2244/20110124/20110124.053.fits.gz,night-specific,0,night-specific,0
HII 2244,20110124,open,/Volumes/starstuff/Frames/NURO_2011/sorted/HII 2244/20110124.059.fits.gz,/Volumes/starstuff/Frames/NURO_2011/calibrated_nnf/HII 2244/20110124/20110124.059.fits.gz,night-specific,0,night-specific,0
HII 2244,20110124,open,/Volumes/starstuff/Frames/NURO_2011/sorted/HII 2244/20110124.060.fits.gz,/Volumes/starstuff/Frames/NURO_2011/calibrated_nnf/HII 2244/20110124/20110124.060.fits.gz,night-specific,0,night-specific,0
HII 2244,20110124,open,/Volumes/starstuff/Frames/NURO_2011/sorted/HII 2244/20110124.065.fits.gz,/Volumes/starstuff/Frames/NURO_2011/calibrated_nnf/HII 2244/20110124/20110124.065.fits.gz,night-specific,0,night-specific,0
HII 2244,20110124,open,/Volumes/starstuff/Frames/NURO_2011/sorted/HII 2244/20110124.066.fits.gz,/Volumes/starstuff/Frames/NURO_2011/calibrated_nnf/HII 2244/20110124/20110124.066.fits.gz,night-specific,0,night-specific,0
HII 2244,20110124,open,/Volumes/starstuff/Frames/NURO_2011/sorted/HII 2244/20110124.072.fits.gz,/Volumes/starstuff/Frames/NURO_2011/calibrated_nnf/HII 2244/20110124/20110124.072.fits.gz,night-specific,0,night-specific,0
HII 2244,20110124,open,/Volumes/starstuff/Frames/NURO_2011/sorted/HII 2244/20110124.073.fits.gz,/Volumes/starstuff/Frames/NURO_2011/calibrated_nnf/HII 2244/20110124/20110124.073.fits.gz,night-specific,0,night-specific,0
HII 2244,20110124,open,/Volumes/starstuff/Frames/NURO_2011/sorted/HII 2244/20110124.078.fits.gz,/Volumes/starstuff/Frames/NURO_2011/calibrated_nnf/HII 2244/20110124/20110124.078.fits.gz,night-specific,0,night-specific,0
HII 2244,20110124,open,/Volumes/starstuff/Frames/NURO_2011/sorted/HII 2244/20110124.079.fits.gz,/Volumes/starstuff/Frames/NURO_2011/calibrated_nnf/HII 2244/20110124/20110124.079.fits.gz,night-specific,0,night-specific,0
HII 2244,20110124,open,/Volumes/starstuff/Frames/NURO_2011/sorted/HII 2244/20110124.085.fits.gz,/Volumes/starstuff/Frames/NURO_2011/calibrated_nnf/HII 2244/20110124/20110124.085.fits.gz,night-specific,0,night-specific,0
HII 2244,20110124,open,/Volumes/starstuff/Frames/NURO_2011/sorted/HII 2244/20110124.086.fits.gz,/Volumes/starstuff/Frames/NURO_2011/calibrated_nnf/HII 2244/20110124/20110124.086.fits.gz,night-specific,0,night-specific,0
HII 2244,20110124,open,/Volumes/starstuff/Frames/NURO_2011/sorted/HII 2244/20110124.091.fits.gz,/Volumes/starstuff/Frames/NURO_2011/calibrated_nnf/HII 2244/20110124/20110124.091.fits.gz,night-specific,0,night-specific,0
HII 2244,20110124,open,/Volumes/starstuff/Frames/NURO_2011/sorted/HII 2244/20110124.092.fits.gz,/Volumes/starstuff/Frames/NURO_2011/calibrated_nnf/HII 2244/20110124/20110124.092.fits.gz,night-specific,0,night-specific,0
HII 2244,20110124,open,/Volumes/starstuff/Frames/NURO_2011/sorted/HII 2244/20110124.098.fits.gz,/Volumes/starstuff/Frames/NURO_2011/calibrated_nnf/HII 2244/20110124/20110124.098.fits.gz,night-specific,0,night-specific,0
HII 2244,20110124,open,/Volumes/starstuff/Frames/NURO_2011/sorted/HII 2244/20110124.099.fits.gz,/Volumes/starstuff/Frames/NURO_2011/calibrated_nnf/HII 2244/20110124/20110124.099.fits.gz,night-specific,0,night-specific,0
HII 2244,20110124,open,/Volumes/starstuff/Frames/NURO_2011/sorted/HII 2244/20110124.104.fits.gz,/Volumes/starstuff/Frames/NURO_2011/calibrated_nnf/HII 2244/20110124/20110124.104.fits.gz,night-specific,0,night-specific,0
HII 2244,20110124,open,/Volumes/starstuff/Frames/NURO_2011/sorted/HII 2244/20110124.105.fits.gz,/Volumes/starstuff/Frames/NURO_2011/calibrated_nnf/HII 2244/20110124/20110124.105.fits.gz,night-specific,0,night-specific,0
HII 2244,20110125,open,/Volumes/starstuff/Frames/NURO_2011/sorted/HII 2244/20110125.046.fits.gz,/Volumes/starstuff/Frames/NURO_2011/calibrated_nnf/HII 2244/20110125/20110125.046.fits.gz,night-specific,0,night-specific,0
HII 2244,20110125,open,/Volumes/starstuff/Frames/NURO_2011/sorted/HII 2244/20110125.047.fits.gz,/Volumes/starstuff/Frames/NURO_2011/calibrated_nnf/HII 2244/20110125/20110125.047.fits.gz,night-specific,0,night-specific,0
HII 2244,20110125,open,/Volumes/starstuff/Frames/NURO_2011/sorted/HII 2244/20110125.052.fits.gz,/Volumes/starstuff/Frames/NURO_2011/calibrated_nnf/HII 2244/20110125/20110125.052.fits.gz,night-specific,0,night-specific,0
HII 2244,20110125,open,/Volumes/starstuff/Frames/NURO_2011/sorted/HII 2244/20110125.053.fits.gz,/Volumes/starstuff/Frames/NURO_2011/calibrated_nnf/HII 2244/20110125/20110125.053.fits.gz,night-specific,0,night-specific,0
HII 2244,20110125,open,/Volumes/starstuff/Frames/NURO_2011/sorted/HII 2244/20110125.059.fits.gz,/Volumes/starstuff/Frames/NURO_2011/calibrated_nnf/HII 2244/20110125/20110125.059.fits.gz,night-specific,0,night-specific,0
HII 2244,20110125,open,/Volumes/starstuff/Frames/NURO_2011/sorted/HII 2244/20110125.060.fits.gz,/Volumes/starstuff/Frames/NURO_2011/calibrated_nnf/HII 2244/20110125/20110125.060.fits.gz,night-specific,0,night-specific,0
HII 2244,20110125,open,/Volumes/starstuff/Frames/NURO_2011/sorted/HII 2244/20110125.065.fits.gz,/Volumes/starstuff/Frames/NURO_2011/calibrated_nnf/HII 2244/20110125/20110125.065.fits.gz,night-specific,0,night-specific,0
HII 2244,20110125,open,/Volumes/starstuff/Frames/NURO_2011/sorted/HII 2244/20110125.066.fits.gz,/Volumes/starstuff/Frames/NURO_2011/calibrated_nnf/HII 2244/20110125/20110125.066.fits.gz,night-specific,0,night-specific,0
HII 2244,20110125,open,/Volumes/starstuff/Frames/NURO_2011/sorted/HII 2244/20110125.072.fits.gz,/Volumes/starstuff/Frames/NURO_2011/calibrated_nnf/HII 2244/20110125/20110125.072.fits.gz,night-specific,0,night-specific,0
HII 2244,20110125,open,/Volumes/starstuff/Frames/NURO_2011/sorted/HII 2244/20110125.073.fits.gz,/Volumes/starstuff/Frames/NURO_2011/calibrated_nnf/HII 2244/20110125/20110125.073.fits.gz,night-specific,0,night-specific,0
HII 2244,20110125,open,/Volumes/starstuff/Frames/NURO_2011/sorted/HII 2244/20110125.078.fits.gz,/Volumes/starstuff/Frames/NURO_2011/calibrated_nnf/HII 2244/20110125/20110125.078.fits.gz,night-specific,0,night-specific,0
HII 2244,20110125,open,/Volumes/starstuff/Frames/NURO_2011/sorted/HII 2244/20110125.079.fits.gz,/Volumes/starstuff/Frames/NURO_2011/calibrated_nnf/HII 2244/20110125/20110125.079.fits.gz,night-specific,0,night-specific,0
HII 2244,20110125,open,/Volumes/starstuff/Frames/NURO_2011/sorted/HII 2244/20110125.085.fits.gz,/Volumes/starstuff/Frames/NURO_2011/calibrated_nnf/HII 2244/20110125/20110125.085.fits.gz,night-specific,0,night-specific,0
HII 2244,20110125,open,/Volumes/starstuff/Frames/NURO_2011/sorted/HII 2244/20110125.086.fits.gz,/Volumes/starstuff/Frames/NURO_2011/calibrated_nnf/HII 2244/20110125/20110125.086.fits.gz,night-specific,0,night-specific,0
HII 2244,20110125,open,/Volumes/starstuff/Frames/NURO_2011/sorted/HII 2244/20110125.091.fits.gz,/Volumes/starstuff/Frames/NURO_2011/calibrated_nnf/HII 2244/20110125/20110125.091.fits.gz,night-specific,0,night-specific,0
HII 2244,20110125,open,/Volumes/starstuff/Frames/NURO_2011/sorted/HII 2244/20110125.092.fits.gz,/Volumes/starstuff/Frames/NURO_2011/calibrated_nnf/HII 2244/20110125/20110125.092.fits.gz,night-specific,0,night-specific,0
HII 2244,20110125,open,/Volumes/starstuff/Frames/NURO_2011/sorted/HII 2244/20110125.098.fits.gz,/Volumes/starstuff/Frames/NURO_2011/calibrated_nnf/HII 2244/20110125/20110125.098.fits.gz,night-specific,0,night-specific,0
HII 2244,20110125,open,/Volumes/starstuff/Frames/NURO_2011/sorted/HII 2244/20110125.099.fits.gz,/Volumes/starstuff/Frames/NURO_2011/calibrated_nnf/HII 2244/20110125/20110125.099.fits.gz,night-specific,0,night-specific,0
HII 2244,20110125,open,/Volumes/starstuff/Frames/NURO_2011/sorted/HII 2244/20110125.104.fits.gz,/Volumes/starstuff/Frames/NURO_2011/calibrated_nnf/HII 2244/20110125/20110125.104.fits.gz,night-specific,0,night-specific,0
HII 2244,20110125,open,/Volumes/starstuff/Frames/NURO_2011/sorted/HII 2244/20110125.105.fits.gz,/Volumes/starstuff/Frames/NURO_2011/calibrated_nnf/HII 2244/20110125/20110125.105.fits.gz,night-specific,0,night-specific,0
HII 2244,20110125,open,/Volumes/starstuff/Frames/NURO_2011/sorted/HII 2244/20110125.111.fits.gz,/Volumes/starstuff/Frames/NURO_2011/calibrated_nnf/HII 2244/20110125/20110125.111.fits.gz,night-specific,0,night-specific,0
HII 2244,20110125,open,/Volumes/starstuff/Frames/NURO_2011/sorted/HII 2244/20110125.112.fits.gz,/Volumes/starstuff/Frames/NURO_2011/calibrated_nnf/HII 2244/20110125/20110125.112.fits.gz,night-specific,0,night-specific,0
HII 2244,20110315,open,/Volumes/starstuff/Frames/NURO_2011/sorted/HII 2244/20110315.050.fits,/Volumes/starstuff/Frames/NURO_2011/calibrated_nnf/HII 2244/20110315/20110315.050.fits,nearest-night,1,night-specific,0
HII 2244,20110315,open,/Volumes/starstuff/Frames/NURO_2011/sorted/HII 2244/20110315.051.fits,/Volumes/starstuff/Frames/NURO_2011/calibrated_nnf/HII 2244/20110315/20110315.051.fits,nearest-night,1,night-specific,0
HII 2244,20110315,open,/Volumes/starstuff/Frames/NURO_2011/sorted/HII 2244/20110315.056.fits,/Volumes/starstuff/Frames/NURO_2011/calibrated_nnf/HII 2244/20110315/20110315.056.fits,nearest-night,1,night-specific,0
HII 2244,20110315,open,/Volumes/starstuff/Frames/NURO_2011/sorted/HII 2244/20110315.057.fits,/Volumes/starstuff/Frames/NURO_2011/calibrated_nnf/HII 2244/20110315/20110315.057.fits,nearest-night,1,night-specific,0
HII 2244,20110315,open,/Volumes/starstuff/Frames/NURO_2011/sorted/HII 2244/20110315.063.fits,/Volumes/starstuff/Frames/NURO_2011/calibrated_nnf/HII 2244/20110315/20110315.063.fits,nearest-night,1,night-specific,0
HII 2244,20110315,open,/Volumes/starstuff/Frames/NURO_2011/sorted/HII 2244/20110315.064.fits,/Volumes/starstuff/Frames/NURO_2011/calibrated_nnf/HII 2244/20110315/20110315.064.fits,nearest-night,1,night-specific,0
HII 2244,20110316,open,/Volumes/starstuff/Frames/NURO_2011/sorted/HII 2244/20110316.043.fits,/Volumes/starstuff/Frames/NURO_2011/calibrated_nnf/HII 2244/20110316/20110316.043.fits,night-specific,0,night-specific,0
HII 2244,20110316,open,/Volumes/starstuff/Frames/NURO_2011/sorted/HII 2244/20110316.044.fits,/Volumes/starstuff/Frames/NURO_2011/calibrated_nnf/HII 2244/20110316/20110316.044.fits,night-specific,0,night-specific,0
HII 2244,20110316,open,/Volumes/starstuff/Frames/NURO_2011/sorted/HII 2244/20110316.049.fits,/Volumes/starstuff/Frames/NURO_2011/calibrated_nnf/HII 2244/20110316/20110316.049.fits,night-specific,0,night-specific,0
HII 2244,20110316,open,/Volumes/starstuff/Frames/NURO_2011/sorted/HII 2244/20110316.050.fits,/Volumes/starstuff/Frames/NURO_2011/calibrated_nnf/HII 2244/20110316/20110316.050.fits,night-specific,0,night-specific,0
HII 2244,20110316,open,/Volumes/starstuff/Frames/NURO_2011/sorted/HII 2244/20110316.056.fits,/Volumes/starstuff/Frames/NURO_2011/calibrated_nnf/HII 2244/20110316/20110316.056.fits,night-specific,0,night-specific,0
HII 2244,20110316,open,/Volumes/starstuff/Frames/NURO_2011/sorted/HII 2244/20110316.057.fits,/Volumes/starstuff/Frames/NURO_2011/calibrated_nnf/HII 2244/20110316/20110316.057.fits,night-specific,0,night-specific,0
HII 2244,20110316,open,/Volumes/starstuff/Frames/NURO_2011/sorted/HII 2244/20110316.062.fits,/Volumes/starstuff/Frames/NURO_2011/calibrated_nnf/HII 2244/20110316/20110316.062.fits,night-specific,0,night-specific,0
HII 2244,20110316,open,/Volumes/starstuff/Frames/NURO_2011/sorted/HII 2244/20110316.063.fits,/Volumes/starstuff/Frames/NURO_2011/calibrated_nnf/HII 2244/20110316/20110316.063.fits,night-specific,0,night-specific,0
HII 2244,20110317,open,/Volumes/starstuff/Frames/NURO_2011/sorted/HII 2244/20110317.046.fits,/Volumes/starstuff/Frames/NURO_2011/calibrated_nnf/HII 2244/20110317/20110317.046.fits,night-specific,0,night-specific,0
HII 2244,20110317,open,/Volumes/starstuff/Frames/NURO_2011/sorted/HII 2244/20110317.049.fits,/Volumes/starstuff/Frames/NURO_2011/calibrated_nnf/HII 2244/20110317/20110317.049.fits,night-specific,0,night-specific,0
HII 2244,20110317,open,/Volumes/starstuff/Frames/NURO_2011/sorted/HII 2244/20110317.052.fits,/Volumes/starstuff/Frames/NURO_2011/calibrated_nnf/HII 2244/20110317/20110317.052.fits,night-specific,0,night-specific,0
HII 2244,20110317,open,/Volumes/starstuff/Frames/NURO_2011/sorted/HII 2244/20110317.055.fits,/Volumes/starstuff/Frames/NURO_2011/calibrated_nnf/HII 2244/20110317/20110317.055.fits,night-specific,0,night-specific,0
HII 2244,20110317,open,/Volumes/starstuff/Frames/NURO_2011/sorted/HII 2244/20110317.058.fits,/Volumes/starstuff/Frames/NURO_2011/calibrated_nnf/HII 2244/20110317/20110317.058.fits,night-specific,0,night-specific,0
HII 2244,20111113,open,/Volumes/starstuff/Frames/NURO_2011/sorted/HII 2244/20111113.038.fits.gz,/Volumes/starstuff/Frames/NURO_2011/calibrated_nnf/HII 2244/20111113/20111113.038.fits.gz,night-specific,0,night-specific,0
HII 2244,20111113,open,/Volumes/starstuff/Frames/NURO_2011/sorted/HII 2244/20111113.039.fits.gz,/Volumes/starstuff/Frames/NURO_2011/calibrated_nnf/HII 2244/20111113/20111113.039.fits.gz,night-specific,0,night-specific,0
HII 2244,20111113,open,/Volumes/starstuff/Frames/NURO_2011/sorted/HII 2244/20111113.044.fits.gz,/Volumes/starstuff/Frames/NURO_2011/calibrated_nnf/HII 2244/20111113/20111113.044.fits.gz,night-specific,0,night-specific,0
HII 2244,20111113,open,/Volumes/starstuff/Frames/NURO_2011/sorted/HII 2244/20111113.045.fits.gz,/Volumes/starstuff/Frames/NURO_2011/calibrated_nnf/HII 2244/20111113/20111113.045.fits.gz,night-specific,0,night-specific,0
HII 2244,20111113,open,/Volumes/starstuff/Frames/NURO_2011/sorted/HII 2244/20111113.051.fits.gz,/Volumes/starstuff/Frames/NURO_2011/calibrated_nnf/HII 2244/20111113/20111113.051.fits.gz,night-specific,0,night-specific,0
HII 2244,20111113,open,/Volumes/starstuff/Frames/NURO_2011/sorted/HII 2244/20111113.052.fits.gz,/Volumes/starstuff/Frames/NURO_2011/calibrated_nnf/HII 2244/20111113/20111113.052.fits.gz,night-specific,0,night-specific,0
HII 2244,20111113,open,/Volumes/starstuff/Frames/NURO_2011/sorted/HII 2244/20111113.057.fits.gz,/Volumes/starstuff/Frames/NURO_2011/calibrated_nnf/HII 2244/20111113/20111113.057.fits.gz,night-specific,0,night-specific,0
HII 2244,20111113,open,/Volumes/starstuff/Frames/NURO_2011/sorted/HII 2244/20111113.058.fits.gz,/Volumes/starstuff/Frames/NURO_2011/calibrated_nnf/HII 2244/20111113/20111113.058.fits.gz,night-specific,0,night-specific,0
HII 2244,20111113,open,/Volumes/starstuff/Frames/NURO_2011/sorted/HII 2244/20111113.064.fits.gz,/Volumes/starstuff/Frames/NURO_2011/calibrated_nnf/HII 2244/20111113/20111113.064.fits.gz,night-specific,0,night-specific,0
HII 2244,20111113,open,/Volumes/starstuff/Frames/NURO_2011/sorted/HII 2244/20111113.065.fits.gz,/Volumes/starstuff/Frames/NURO_2011/calibrated_nnf/HII 2244/20111113/20111113.065.fits.gz,night-specific,0,night-specific,0
HII 2244,20111113,open,/Volumes/starstuff/Frames/NURO_2011/sorted/HII 2244/20111113.070.fits.gz,/Volumes/starstuff/Frames/NURO_2011/calibrated_nnf/HII 2244/20111113/20111113.070.fits.gz,night-specific,0,night-specific,0
HII 2244,20111113,open,/Volumes/starstuff/Frames/NURO_2011/sorted/HII 2244/20111113.071.fits.gz,/Volumes/starstuff/Frames/NURO_2011/calibrated_nnf/HII 2244/20111113/20111113.071.fits.gz,night-specific,0,night-specific,0
HII 2244,20111113,open,/Volumes/starstuff/Frames/NURO_2011/sorted/HII 2244/20111113.077.fits.gz,/Volumes/starstuff/Frames/NURO_2011/calibrated_nnf/HII 2244/20111113/20111113.077.fits.gz,night-specific,0,night-specific,0
HII 2244,20111113,open,/Volumes/starstuff/Frames/NURO_2011/sorted/HII 2244/20111113.078.fits.gz,/Volumes/starstuff/Frames/NURO_2011/calibrated_nnf/HII 2244/20111113/20111113.078.fits.gz,night-specific,0,night-specific,0
HII 2927,20110122,open,/Volumes/starstuff/Frames/NURO_2011/sorted/HII 2927/20110122.040.fits.gz,/Volumes/starstuff/Frames/NURO_2011/calibrated_nnf/HII 2927/20110122/20110122.040.fits.gz,night-specific,0,night-specific,0
HII 2927,20110122,open,/Volumes/starstuff/Frames/NURO_2011/sorted/HII 2927/20110122.041.fits.gz,/Volumes/starstuff/Frames/NURO_2011/calibrated_nnf/HII 2927/20110122/20110122.041.fits.gz,night-specific,0,night-specific,0
HII 2927,20110122,open,/Volumes/starstuff/Frames/NURO_2011/sorted/HII 2927/20110122.046.fits.gz,/Volumes/starstuff/Frames/NURO_2011/calibrated_nnf/HII 2927/20110122/20110122.046.fits.gz,night-specific,0,night-specific,0
HII 2927,20110122,open,/Volumes/starstuff/Frames/NURO_2011/sorted/HII 2927/20110122.047.fits.gz,/Volumes/starstuff/Frames/NURO_2011/calibrated_nnf/HII 2927/20110122/20110122.047.fits.gz,night-specific,0,night-specific,0
HII 2927,20110122,open,/Volumes/starstuff/Frames/NURO_2011/sorted/HII 2927/20110122.053.fits.gz,/Volumes/starstuff/Frames/NURO_2011/calibrated_nnf/HII 2927/20110122/20110122.053.fits.gz,night-specific,0,night-specific,0
HII 2927,20110122,open,/Volumes/starstuff/Frames/NURO_2011/sorted/HII 2927/20110122.054.fits.gz,/Volumes/starstuff/Frames/NURO_2011/calibrated_nnf/HII 2927/20110122/20110122.054.fits.gz,night-specific,0,night-specific,0
HII 2927,20110122,open,/Volumes/starstuff/Frames/NURO_2011/sorted/HII 2927/20110122.059.fits.gz,/Volumes/starstuff/Frames/NURO_2011/calibrated_nnf/HII 2927/20110122/20110122.059.fits.gz,night-specific,0,night-specific,0
HII 2927,20110122,open,/Volumes/starstuff/Frames/NURO_2011/sorted/HII 2927/20110122.060.fits.gz,/Volumes/starstuff/Frames/NURO_2011/calibrated_nnf/HII 2927/20110122/20110122.060.fits.gz,night-specific,0,night-specific,0
HII 2927,20110122,open,/Volumes/starstuff/Frames/NURO_2011/sorted/HII 2927/20110122.066.fits.gz,/Volumes/starstuff/Frames/NURO_2011/calibrated_nnf/HII 2927/20110122/20110122.066.fits.gz,night-specific,0,night-specific,0
HII 2927,20110122,open,/Volumes/starstuff/Frames/NURO_2011/sorted/HII 2927/20110122.067.fits.gz,/Volumes/starstuff/Frames/NURO_2011/calibrated_nnf/HII 2927/20110122/20110122.067.fits.gz,night-specific,0,night-specific,0
HII 2927,20110122,open,/Volumes/starstuff/Frames/NURO_2011/sorted/HII 2927/20110122.072.fits.gz,/Volumes/starstuff/Frames/NURO_2011/calibrated_nnf/HII 2927/20110122/20110122.072.fits.gz,night-specific,0,night-specific,0
HII 2927,20110122,open,/Volumes/starstuff/Frames/NURO_2011/sorted/HII 2927/20110122.073.fits.gz,/Volumes/starstuff/Frames/NURO_2011/calibrated_nnf/HII 2927/20110122/20110122.073.fits.gz,night-specific,0,night-specific,0
HII 2927,20110122,open,/Volumes/starstuff/Frames/NURO_2011/sorted/HII 2927/20110122.079.fits.gz,/Volumes/starstuff/Frames/NURO_2011/calibrated_nnf/HII 2927/20110122/20110122.079.fits.gz,night-specific,0,night-specific,0
HII 2927,20110122,open,/Volumes/starstuff/Frames/NURO_2011/sorted/HII 2927/20110122.080.fits.gz,/Volumes/starstuff/Frames/NURO_2011/calibrated_nnf/HII 2927/20110122/20110122.080.fits.gz,night-specific,0,night-specific,0
HII 2927,20110122,open,/Volumes/starstuff/Frames/NURO_2011/sorted/HII 2927/20110122.085.fits.gz,/Volumes/starstuff/Frames/NURO_2011/calibrated_nnf/HII 2927/20110122/20110122.085.fits.gz,night-specific,0,night-specific,0
HII 2927,20110122,open,/Volumes/starstuff/Frames/NURO_2011/sorted/HII 2927/20110122.086.fits.gz,/Volumes/starstuff/Frames/NURO_2011/calibrated_nnf/HII 2927/20110122/20110122.086.fits.gz,night-specific,0,night-specific,0
HII 2927,20110122,open,/Volumes/starstuff/Frames/NURO_2011/sorted/HII 2927/20110122.092.fits,/Volumes/starstuff/Frames/NURO_2011/calibrated_nnf/HII 2927/20110122/20110122.092.fits,night-specific,0,night-specific,0
HII 2927,20110122,open,/Volumes/starstuff/Frames/NURO_2011/sorted/HII 2927/20110122.092.fits.gz,/Volumes/starstuff/Frames/NURO_2011/calibrated_nnf/HII 2927/20110122/20110122.092.fits.gz,night-specific,0,night-specific,0
HII 2927,20110122,open,/Volumes/starstuff/Frames/NURO_2011/sorted/HII 2927/20110122.093.fits.gz,/Volumes/starstuff/Frames/NURO_2011/calibrated_nnf/HII 2927/20110122/20110122.093.fits.gz,night-specific,0,night-specific,0
HII 2927,20110122,open,/Volumes/starstuff/Frames/NURO_2011/sorted/HII 2927/20110122.098.fits.gz,/Volumes/starstuff/Frames/NURO_2011/calibrated_nnf/HII 2927/20110122/20110122.098.fits.gz,night-specific,0,night-specific,0
HII 2927,20110122,open,/Volumes/starstuff/Frames/NURO_2011/sorted/HII 2927/20110122.099.fits.gz,/Volumes/starstuff/Frames/NURO_2011/calibrated_nnf/HII 2927/20110122/20110122.099.fits.gz,night-specific,0,night-specific,0
HII 2927,20110122,open,/Volumes/starstuff/Frames/NURO_2011/sorted/HII 2927/20110122.105.fits.gz,/Volumes/starstuff/Frames/NURO_2011/calibrated_nnf/HII 2927/20110122/20110122.105.fits.gz,night-specific,0,night-specific,0
HII 2927,20110122,open,/Volumes/starstuff/Frames/NURO_2011/sorted/HII 2927/20110122.106.fits.gz,/Volumes/starstuff/Frames/NURO_2011/calibrated_nnf/HII 2927/20110122/20110122.106.fits.gz,night-specific,0,night-specific,0
HII 2927,20110123,open,/Volumes/starstuff/Frames/NURO_2011/sorted/HII 2927/20110123.030.fits.gz,/Volumes/starstuff/Frames/NURO_2011/calibrated_nnf/HII 2927/20110123/20110123.030.fits.gz,night-specific,0,night-specific,1
HII 2927,20110123,open,/Volumes/starstuff/Frames/NURO_2011/sorted/HII 2927/20110123.031.fits.gz,/Volumes/starstuff/Frames/NURO_2011/calibrated_nnf/HII 2927/20110123/20110123.031.fits.gz,night-specific,0,night-specific,1
HII 2927,20110123,open,/Volumes/starstuff/Frames/NURO_2011/sorted/HII 2927/20110123.036.fits.gz,/Volumes/starstuff/Frames/NURO_2011/calibrated_nnf/HII 2927/20110123/20110123.036.fits.gz,night-specific,0,night-specific,1
HII 2927,20110123,open,/Volumes/starstuff/Frames/NURO_2011/sorted/HII 2927/20110123.037.fits.gz,/Volumes/starstuff/Frames/NURO_2011/calibrated_nnf/HII 2927/20110123/20110123.037.fits.gz,night-specific,0,night-specific,1
HII 2927,20110123,open,/Volumes/starstuff/Frames/NURO_2011/sorted/HII 2927/20110123.043.fits.gz,/Volumes/starstuff/Frames/NURO_2011/calibrated_nnf/HII 2927/20110123/20110123.043.fits.gz,night-specific,0,night-specific,1
HII 2927,20110123,open,/Volumes/starstuff/Frames/NURO_2011/sorted/HII 2927/20110123.044.fits.gz,/Volumes/starstuff/Frames/NURO_2011/calibrated_nnf/HII 2927/20110123/20110123.044.fits.gz,night-specific,0,night-specific,1
HII 2927,20110123,open,/Volumes/starstuff/Frames/NURO_2011/sorted/HII 2927/20110123.049.fits.gz,/Volumes/starstuff/Frames/NURO_2011/calibrated_nnf/HII 2927/20110123/20110123.049.fits.gz,night-specific,0,night-specific,1
HII 2927,20110123,open,/Volumes/starstuff/Frames/NURO_2011/sorted/HII 2927/20110123.050.fits.gz,/Volumes/starstuff/Frames/NURO_2011/calibrated_nnf/HII 2927/20110123/20110123.050.fits.gz,night-specific,0,night-specific,1
HII 2927,20110123,open,/Volumes/starstuff/Frames/NURO_2011/sorted/HII 2927/20110123.056.fits.gz,/Volumes/starstuff/Frames/NURO_2011/calibrated_nnf/HII 2927/20110123/20110123.056.fits.gz,night-specific,0,night-specific,1
HII 2927,20110123,open,/Volumes/starstuff/Frames/NURO_2011/sorted/HII 2927/20110123.057.fits.gz,/Volumes/starstuff/Frames/NURO_2011/calibrated_nnf/HII 2927/20110123/20110123.057.fits.gz,night-specific,0,night-specific,1
HII 2927,20110123,open,/Volumes/starstuff/Frames/NURO_2011/sorted/HII 2927/20110123.062.fits.gz,/Volumes/starstuff/Frames/NURO_2011/calibrated_nnf/HII 2927/20110123/20110123.062.fits.gz,night-specific,0,night-specific,1
HII 2927,20110123,open,/Volumes/starstuff/Frames/NURO_2011/sorted/HII 2927/20110123.063.fits.gz,/Volumes/starstuff/Frames/NURO_2011/calibrated_nnf/HII 2927/20110123/20110123.063.fits.gz,night-specific,0,night-specific,1
HII 2927,20110123,open,/Volumes/starstuff/Frames/NURO_2011/sorted/HII 2927/20110123.069.fits.gz,/Volumes/starstuff/Frames/NURO_2011/calibrated_nnf/HII 2927/20110123/20110123.069.fits.gz,night-specific,0,night-specific,1
HII 2927,20110123,open,/Volumes/starstuff/Frames/NURO_2011/sorted/HII 2927/20110123.070.fits.gz,/Volumes/starstuff/Frames/NURO_2011/calibrated_nnf/HII 2927/20110123/20110123.070.fits.gz,night-specific,0,night-specific,1
HII 2927,20110123,open,/Volumes/starstuff/Frames/NURO_2011/sorted/HII 2927/20110123.075.fits.gz,/Volumes/starstuff/Frames/NURO_2011/calibrated_nnf/HII 2927/20110123/20110123.075.fits.gz,night-specific,0,night-specific,1
HII 2927,20110123,open,/Volumes/starstuff/Frames/NURO_2011/sorted/HII 2927/20110123.076.fits.gz,/Volumes/starstuff/Frames/NURO_2011/calibrated_nnf/HII 2927/20110123/20110123.076.fits.gz,night-specific,0,night-specific,1
HII 2927,20110123,open,/Volumes/starstuff/Frames/NURO_2011/sorted/HII 2927/20110123.082.fits.gz,/Volumes/starstuff/Frames/NURO_2011/calibrated_nnf/HII 2927/20110123/20110123.082.fits.gz,night-specific,0,night-specific,1
HII 2927,20110123,open,/Volumes/starstuff/Frames/NURO_2011/sorted/HII 2927/20110123.083.fits.gz,/Volumes/starstuff/Frames/NURO_2011/calibrated_nnf/HII 2927/20110123/20110123.083.fits.gz,night-specific,0,night-specific,1
HII 2927,20110123,open,/Volumes/starstuff/Frames/NURO_2011/sorted/HII 2927/20110123.088.fits.gz,/Volumes/starstuff/Frames/NURO_2011/calibrated_nnf/HII 2927/20110123/20110123.088.fits.gz,night-specific,0,night-specific,1
HII 2927,20110123,open,/Volumes/starstuff/Frames/NURO_2011/sorted/HII 2927/20110123.089.fits.gz,/Volumes/starstuff/Frames/NURO_2011/calibrated_nnf/HII 2927/20110123/20110123.089.fits.gz,night-specific,0,night-specific,1
HII 2927,20110124,open,/Volumes/starstuff/Frames/NURO_2011/sorted/HII 2927/20110124.048.fits.gz,/Volumes/starstuff/Frames/NURO_2011/calibrated_nnf/HII 2927/20110124/20110124.048.fits.gz,night-specific,0,night-specific,0
HII 2927,20110124,open,/Volumes/starstuff/Frames/NURO_2011/sorted/HII 2927/20110124.049.fits.gz,/Volumes/starstuff/Frames/NURO_2011/calibrated_nnf/HII 2927/20110124/20110124.049.fits.gz,night-specific,0,night-specific,0
HII 2927,20110124,open,/Volumes/starstuff/Frames/NURO_2011/sorted/HII 2927/20110124.054.fits.gz,/Volumes/starstuff/Frames/NURO_2011/calibrated_nnf/HII 2927/20110124/20110124.054.fits.gz,night-specific,0,night-specific,0
HII 2927,20110124,open,/Volumes/starstuff/Frames/NURO_2011/sorted/HII 2927/20110124.055.fits.gz,/Volumes/starstuff/Frames/NURO_2011/calibrated_nnf/HII 2927/20110124/20110124.055.fits.gz,night-specific,0,night-specific,0
HII 2927,20110124,open,/Volumes/starstuff/Frames/NURO_2011/sorted/HII 2927/20110124.061.fits.gz,/Volumes/starstuff/Frames/NURO_2011/calibrated_nnf/HII 2927/20110124/20110124.061.fits.gz,night-specific,0,night-specific,0
HII 2927,20110124,open,/Volumes/starstuff/Frames/NURO_2011/sorted/HII 2927/20110124.062.fits.gz,/Volumes/starstuff/Frames/NURO_2011/calibrated_nnf/HII 2927/20110124/20110124.062.fits.gz,night-specific,0,night-specific,0
HII 2927,20110124,open,/Volumes/starstuff/Frames/NURO_2011/sorted/HII 2927/20110124.067.fits.gz,/Volumes/starstuff/Frames/NURO_2011/calibrated_nnf/HII 2927/20110124/20110124.067.fits.gz,night-specific,0,night-specific,0
HII 2927,20110124,open,/Volumes/starstuff/Frames/NURO_2011/sorted/HII 2927/20110124.068.fits.gz,/Volumes/starstuff/Frames/NURO_2011/calibrated_nnf/HII 2927/20110124/20110124.068.fits.gz,night-specific,0,night-specific,0
HII 2927,20110124,open,/Volumes/starstuff/Frames/NURO_2011/sorted/HII 2927/20110124.074.fits.gz,/Volumes/starstuff/Frames/NURO_2011/calibrated_nnf/HII 2927/20110124/20110124.074.fits.gz,night-specific,0,night-specific,0
HII 2927,20110124,open,/Volumes/starstuff/Frames/NURO_2011/sorted/HII 2927/20110124.075.fits.gz,/Volumes/starstuff/Frames/NURO_2011/calibrated_nnf/HII 2927/20110124/20110124.075.fits.gz,night-specific,0,night-specific,0
HII 2927,20110124,open,/Volumes/starstuff/Frames/NURO_2011/sorted/HII 2927/20110124.080.fits.gz,/Volumes/starstuff/Frames/NURO_2011/calibrated_nnf/HII 2927/20110124/20110124.080.fits.gz,night-specific,0,night-specific,0
HII 2927,20110124,open,/Volumes/starstuff/Frames/NURO_2011/sorted/HII 2927/20110124.081.fits.gz,/Volumes/starstuff/Frames/NURO_2011/calibrated_nnf/HII 2927/20110124/20110124.081.fits.gz,night-specific,0,night-specific,0
HII 2927,20110124,open,/Volumes/starstuff/Frames/NURO_2011/sorted/HII 2927/20110124.087.fits.gz,/Volumes/starstuff/Frames/NURO_2011/calibrated_nnf/HII 2927/20110124/20110124.087.fits.gz,night-specific,0,night-specific,0
HII 2927,20110124,open,/Volumes/starstuff/Frames/NURO_2011/sorted/HII 2927/20110124.088.fits.gz,/Volumes/starstuff/Frames/NURO_2011/calibrated_nnf/HII 2927/20110124/20110124.088.fits.gz,night-specific,0,night-specific,0
HII 2927,20110124,open,/Volumes/starstuff/Frames/NURO_2011/sorted/HII 2927/20110124.093.fits.gz,/Volumes/starstuff/Frames/NURO_2011/calibrated_nnf/HII 2927/20110124/20110124.093.fits.gz,night-specific,0,night-specific,0
HII 2927,20110124,open,/Volumes/starstuff/Frames/NURO_2011/sorted/HII 2927/20110124.094.fits.gz,/Volumes/starstuff/Frames/NURO_2011/calibrated_nnf/HII 2927/20110124/20110124.094.fits.gz,night-specific,0,night-specific,0
HII 2927,20110124,open,/Volumes/starstuff/Frames/NURO_2011/sorted/HII 2927/20110124.100.fits.gz,/Volumes/starstuff/Frames/NURO_2011/calibrated_nnf/HII 2927/20110124/20110124.100.fits.gz,night-specific,0,night-specific,0
HII 2927,20110124,open,/Volumes/starstuff/Frames/NURO_2011/sorted/HII 2927/20110124.101.fits.gz,/Volumes/starstuff/Frames/NURO_2011/calibrated_nnf/HII 2927/20110124/20110124.101.fits.gz,night-specific,0,night-specific,0
HII 2927,20110124,open,/Volumes/starstuff/Frames/NURO_2011/sorted/HII 2927/20110124.106.fits.gz,/Volumes/starstuff/Frames/NURO_2011/calibrated_nnf/HII 2927/20110124/20110124.106.fits.gz,night-specific,0,night-specific,0
HII 2927,20110124,open,/Volumes/starstuff/Frames/NURO_2011/sorted/HII 2927/20110124.107.fits.gz,/Volumes/starstuff/Frames/NURO_2011/calibrated_nnf/HII 2927/20110124/20110124.107.fits.gz,night-specific,0,night-specific,0
HII 2927,20110125,open,/Volumes/starstuff/Frames/NURO_2011/sorted/HII 2927/20110125.048.fits.gz,/Volumes/starstuff/Frames/NURO_2011/calibrated_nnf/HII 2927/20110125/20110125.048.fits.gz,night-specific,0,night-specific,0
HII 2927,20110125,open,/Volumes/starstuff/Frames/NURO_2011/sorted/HII 2927/20110125.049.fits.gz,/Volumes/starstuff/Frames/NURO_2011/calibrated_nnf/HII 2927/20110125/20110125.049.fits.gz,night-specific,0,night-specific,0
HII 2927,20110125,open,/Volumes/starstuff/Frames/NURO_2011/sorted/HII 2927/20110125.054.fits.gz,/Volumes/starstuff/Frames/NURO_2011/calibrated_nnf/HII 2927/20110125/20110125.054.fits.gz,night-specific,0,night-specific,0
HII 2927,20110125,open,/Volumes/starstuff/Frames/NURO_2011/sorted/HII 2927/20110125.055.fits.gz,/Volumes/starstuff/Frames/NURO_2011/calibrated_nnf/HII 2927/20110125/20110125.055.fits.gz,night-specific,0,night-specific,0
HII 2927,20110125,open,/Volumes/starstuff/Frames/NURO_2011/sorted/HII 2927/20110125.061.fits.gz,/Volumes/starstuff/Frames/NURO_2011/calibrated_nnf/HII 2927/20110125/20110125.061.fits.gz,night-specific,0,night-specific,0
HII 2927,20110125,open,/Volumes/starstuff/Frames/NURO_2011/sorted/HII 2927/20110125.062.fits.gz,/Volumes/starstuff/Frames/NURO_2011/calibrated_nnf/HII 2927/20110125/20110125.062.fits.gz,night-specific,0,night-specific,0
HII 2927,20110125,open,/Volumes/starstuff/Frames/NURO_2011/sorted/HII 2927/20110125.067.fits.gz,/Volumes/starstuff/Frames/NURO_2011/calibrated_nnf/HII 2927/20110125/20110125.067.fits.gz,night-specific,0,night-specific,0
HII 2927,20110125,open,/Volumes/starstuff/Frames/NURO_2011/sorted/HII 2927/20110125.068.fits.gz,/Volumes/starstuff/Frames/NURO_2011/calibrated_nnf/HII 2927/20110125/20110125.068.fits.gz,night-specific,0,night-specific,0
HII 2927,20110125,open,/Volumes/starstuff/Frames/NURO_2011/sorted/HII 2927/20110125.074.fits.gz,/Volumes/starstuff/Frames/NURO_2011/calibrated_nnf/HII 2927/20110125/20110125.074.fits.gz,night-specific,0,night-specific,0
HII 2927,20110125,open,/Volumes/starstuff/Frames/NURO_2011/sorted/HII 2927/20110125.075.fits.gz,/Volumes/starstuff/Frames/NURO_2011/calibrated_nnf/HII 2927/20110125/20110125.075.fits.gz,night-specific,0,night-specific,0
HII 2927,20110125,open,/Volumes/starstuff/Frames/NURO_2011/sorted/HII 2927/20110125.080.fits.gz,/Volumes/starstuff/Frames/NURO_2011/calibrated_nnf/HII 2927/20110125/20110125.080.fits.gz,night-specific,0,night-specific,0
HII 2927,20110125,open,/Volumes/starstuff/Frames/NURO_2011/sorted/HII 2927/20110125.081.fits.gz,/Volumes/starstuff/Frames/NURO_2011/calibrated_nnf/HII 2927/20110125/20110125.081.fits.gz,night-specific,0,night-specific,0
HII 2927,20110125,open,/Volumes/starstuff/Frames/NURO_2011/sorted/HII 2927/20110125.087.fits.gz,/Volumes/starstuff/Frames/NURO_2011/calibrated_nnf/HII 2927/20110125/20110125.087.fits.gz,night-specific,0,night-specific,0
HII 2927,20110125,open,/Volumes/starstuff/Frames/NURO_2011/sorted/HII 2927/20110125.088.fits.gz,/Volumes/starstuff/Frames/NURO_2011/calibrated_nnf/HII 2927/20110125/20110125.088.fits.gz,night-specific,0,night-specific,0
HII 2927,20110125,open,/Volumes/starstuff/Frames/NURO_2011/sorted/HII 2927/20110125.093.fits.gz,/Volumes/starstuff/Frames/NURO_2011/calibrated_nnf/HII 2927/20110125/20110125.093.fits.gz,night-specific,0,night-specific,0
HII 2927,20110125,open,/Volumes/starstuff/Frames/NURO_2011/sorted/HII 2927/20110125.094.fits.gz,/Volumes/starstuff/Frames/NURO_2011/calibrated_nnf/HII 2927/20110125/20110125.094.fits.gz,night-specific,0,night-specific,0
HII 2927,20110125,open,/Volumes/starstuff/Frames/NURO_2011/sorted/HII 2927/20110125.100.fits.gz,/Volumes/starstuff/Frames/NURO_2011/calibrated_nnf/HII 2927/20110125/20110125.100.fits.gz,night-specific,0,night-specific,0
HII 2927,20110125,open,/Volumes/starstuff/Frames/NURO_2011/sorted/HII 2927/20110125.101.fits.gz,/Volumes/starstuff/Frames/NURO_2011/calibrated_nnf/HII 2927/20110125/20110125.101.fits.gz,night-specific,0,night-specific,0
HII 2927,20110125,open,/Volumes/starstuff/Frames/NURO_2011/sorted/HII 2927/20110125.106.fits.gz,/Volumes/starstuff/Frames/NURO_2011/calibrated_nnf/HII 2927/20110125/20110125.106.fits.gz,night-specific,0,night-specific,0
HII 2927,20110125,open,/Volumes/starstuff/Frames/NURO_2011/sorted/HII 2927/20110125.107.fits.gz,/Volumes/starstuff/Frames/NURO_2011/calibrated_nnf/HII 2927/20110125/20110125.107.fits.gz,night-specific,0,night-specific,0
HII 2927,20110125,open,/Volumes/starstuff/Frames/NURO_2011/sorted/HII 2927/20110125.113.fits.gz,/Volumes/starstuff/Frames/NURO_2011/calibrated_nnf/HII 2927/20110125/20110125.113.fits.gz,night-specific,0,night-specific,0
HII 2927,20110125,open,/Volumes/starstuff/Frames/NURO_2011/sorted/HII 2927/20110125.114.fits.gz,/Volumes/starstuff/Frames/NURO_2011/calibrated_nnf/HII 2927/20110125/20110125.114.fits.gz,night-specific,0,night-specific,0
HII 2927,20110315,open,/Volumes/starstuff/Frames/NURO_2011/sorted/HII 2927/20110315.052.fits,/Volumes/starstuff/Frames/NURO_2011/calibrated_nnf/HII 2927/20110315/20110315.052.fits,nearest-night,1,night-specific,0
HII 2927,20110315,open,/Volumes/starstuff/Frames/NURO_2011/sorted/HII 2927/20110315.053.fits,/Volumes/starstuff/Frames/NURO_2011/calibrated_nnf/HII 2927/20110315/20110315.053.fits,nearest-night,1,night-specific,0
HII 2927,20110315,open,/Volumes/starstuff/Frames/NURO_2011/sorted/HII 2927/20110315.058.fits,/Volumes/starstuff/Frames/NURO_2011/calibrated_nnf/HII 2927/20110315/20110315.058.fits,nearest-night,1,night-specific,0
HII 2927,20110315,open,/Volumes/starstuff/Frames/NURO_2011/sorted/HII 2927/20110315.059.fits,/Volumes/starstuff/Frames/NURO_2011/calibrated_nnf/HII 2927/20110315/20110315.059.fits,nearest-night,1,night-specific,0
HII 2927,20110315,open,/Volumes/starstuff/Frames/NURO_2011/sorted/HII 2927/20110315.065.fits,/Volumes/starstuff/Frames/NURO_2011/calibrated_nnf/HII 2927/20110315/20110315.065.fits,nearest-night,1,night-specific,0
HII 2927,20110315,open,/Volumes/starstuff/Frames/NURO_2011/sorted/HII 2927/20110315.066.fits,/Volumes/starstuff/Frames/NURO_2011/calibrated_nnf/HII 2927/20110315/20110315.066.fits,nearest-night,1,night-specific,0
HII 2927,20110316,open,/Volumes/starstuff/Frames/NURO_2011/sorted/HII 2927/20110316.045.fits,/Volumes/starstuff/Frames/NURO_2011/calibrated_nnf/HII 2927/20110316/20110316.045.fits,night-specific,0,night-specific,0
HII 2927,20110316,open,/Volumes/starstuff/Frames/NURO_2011/sorted/HII 2927/20110316.046.fits,/Volumes/starstuff/Frames/NURO_2011/calibrated_nnf/HII 2927/20110316/20110316.046.fits,night-specific,0,night-specific,0
HII 2927,20110316,open,/Volumes/starstuff/Frames/NURO_2011/sorted/HII 2927/20110316.051.fits,/Volumes/starstuff/Frames/NURO_2011/calibrated_nnf/HII 2927/20110316/20110316.051.fits,night-specific,0,night-specific,0
HII 2927,20110316,open,/Volumes/starstuff/Frames/NURO_2011/sorted/HII 2927/20110316.052.fits,/Volumes/starstuff/Frames/NURO_2011/calibrated_nnf/HII 2927/20110316/20110316.052.fits,night-specific,0,night-specific,0
HII 2927,20110316,open,/Volumes/starstuff/Frames/NURO_2011/sorted/HII 2927/20110316.058.fits,/Volumes/starstuff/Frames/NURO_2011/calibrated_nnf/HII 2927/20110316/20110316.058.fits,night-specific,0,night-specific,0
HII 2927,20110316,open,/Volumes/starstuff/Frames/NURO_2011/sorted/HII 2927/20110316.059.fits,/Volumes/starstuff/Frames/NURO_2011/calibrated_nnf/HII 2927/20110316/20110316.059.fits,night-specific,0,night-specific,0
HII 2927,20110316,open,/Volumes/starstuff/Frames/NURO_2011/sorted/HII 2927/20110316.064.fits,/Volumes/starstuff/Frames/NURO_2011/calibrated_nnf/HII 2927/20110316/20110316.064.fits,night-specific,0,night-specific,0
HII 2927,20110316,open,/Volumes/starstuff/Frames/NURO_2011/sorted/HII 2927/20110316.065.fits,/Volumes/starstuff/Frames/NURO_2011/calibrated_nnf/HII 2927/20110316/20110316.065.fits,night-specific,0,night-specific,0
HII 2927,20110317,open,/Volumes/starstuff/Frames/NURO_2011/sorted/HII 2927/20110317.047.fits,/Volumes/starstuff/Frames/NURO_2011/calibrated_nnf/HII 2927/20110317/20110317.047.fits,night-specific,0,night-specific,0
HII 2927,20110317,open,/Volumes/starstuff/Frames/NURO_2011/sorted/HII 2927/20110317.050.fits,/Volumes/starstuff/Frames/NURO_2011/calibrated_nnf/HII 2927/20110317/20110317.050.fits,night-specific,0,night-specific,0
HII 2927,20110317,open,/Volumes/starstuff/Frames/NURO_2011/sorted/HII 2927/20110317.053.fits,/Volumes/starstuff/Frames/NURO_2011/calibrated_nnf/HII 2927/20110317/20110317.053.fits,night-specific,0,night-specific,0
HII 2927,20110317,open,/Volumes/starstuff/Frames/NURO_2011/sorted/HII 2927/20110317.056.fits,/Volumes/starstuff/Frames/NURO_2011/calibrated_nnf/HII 2927/20110317/20110317.056.fits,night-specific,0,night-specific,0
HII 2927,20110317,open,/Volumes/starstuff/Frames/NURO_2011/sorted/HII 2927/20110317.059.fits,/Volumes/starstuff/Frames/NURO_2011/calibrated_nnf/HII 2927/20110317/20110317.059.fits,night-specific,0,night-specific,0
HII 2927,20111113,open,/Volumes/starstuff/Frames/NURO_2011/sorted/HII 2927/20111113.040.fits.gz,/Volumes/starstuff/Frames/NURO_2011/calibrated_nnf/HII 2927/20111113/20111113.040.fits.gz,night-specific,0,night-specific,0
HII 2927,20111113,open,/Volumes/starstuff/Frames/NURO_2011/sorted/HII 2927/20111113.041.fits.gz,/Volumes/starstuff/Frames/NURO_2011/calibrated_nnf/HII 2927/20111113/20111113.041.fits.gz,night-specific,0,night-specific,0
HII 2927,20111113,open,/Volumes/starstuff/Frames/NURO_2011/sorted/HII 2927/20111113.046.fits.gz,/Volumes/starstuff/Frames/NURO_2011/calibrated_nnf/HII 2927/20111113/20111113.046.fits.gz,night-specific,0,night-specific,0
HII 2927,20111113,open,/Volumes/starstuff/Frames/NURO_2011/sorted/HII 2927/20111113.047.fits.gz,/Volumes/starstuff/Frames/NURO_2011/calibrated_nnf/HII 2927/20111113/20111113.047.fits.gz,night-specific,0,night-specific,0
HII 2927,20111113,open,/Volumes/starstuff/Frames/NURO_2011/sorted/HII 2927/20111113.053.fits.gz,/Volumes/starstuff/Frames/NURO_2011/calibrated_nnf/HII 2927/20111113/20111113.053.fits.gz,night-specific,0,night-specific,0
HII 2927,20111113,open,/Volumes/starstuff/Frames/NURO_2011/sorted/HII 2927/20111113.054.fits.gz,/Volumes/starstuff/Frames/NURO_2011/calibrated_nnf/HII 2927/20111113/20111113.054.fits.gz,night-specific,0,night-specific,0
HII 2927,20111113,open,/Volumes/starstuff/Frames/NURO_2011/sorted/HII 2927/20111113.059.fits.gz,/Volumes/starstuff/Frames/NURO_2011/calibrated_nnf/HII 2927/20111113/20111113.059.fits.gz,night-specific,0,night-specific,0
HII 2927,20111113,open,/Volumes/starstuff/Frames/NURO_2011/sorted/HII 2927/20111113.060.fits.gz,/Volumes/starstuff/Frames/NURO_2011/calibrated_nnf/HII 2927/20111113/20111113.060.fits.gz,night-specific,0,night-specific,0
HII 2927,20111113,open,/Volumes/starstuff/Frames/NURO_2011/sorted/HII 2927/20111113.066.fits.gz,/Volumes/starstuff/Frames/NURO_2011/calibrated_nnf/HII 2927/20111113/20111113.066.fits.gz,night-specific,0,night-specific,0
HII 2927,20111113,open,/Volumes/starstuff/Frames/NURO_2011/sorted/HII 2927/20111113.067.fits.gz,/Volumes/starstuff/Frames/NURO_2011/calibrated_nnf/HII 2927/20111113/20111113.067.fits.gz,night-specific,0,night-specific,0
HII 2927,20111113,open,/Volumes/starstuff/Frames/NURO_2011/sorted/HII 2927/20111113.072.fits.gz,/Volumes/starstuff/Frames/NURO_2011/calibrated_nnf/HII 2927/20111113/20111113.072.fits.gz,night-specific,0,night-specific,0
HII 2927,20111113,open,/Volumes/starstuff/Frames/NURO_2011/sorted/HII 2927/20111113.073.fits.gz,/Volumes/starstuff/Frames/NURO_2011/calibrated_nnf/HII 2927/20111113/20111113.073.fits.gz,night-specific,0,night-specific,0
HII 2927,20111113,open,/Volumes/starstuff/Frames/NURO_2011/sorted/HII 2927/20111113.079.fits.gz,/Volumes/starstuff/Frames/NURO_2011/calibrated_nnf/HII 2927/20111113/20111113.079.fits.gz,night-specific,0,night-specific,0
HII 2927,20111113,open,/Volumes/starstuff/Frames/NURO_2011/sorted/HII 2927/20111113.080.fits.gz,/Volumes/starstuff/Frames/NURO_2011/calibrated_nnf/HII 2927/20111113/20111113.080.fits.gz,night-specific,0,night-specific,0
