filepath,object_raw,object_normalized,date_token
/Users/aidandombrosky/Desktop/07 - Mar17_11/z_ORIGINALS/20110317.000.fits,Bias,BIAS,
/Users/aidandombrosky/Desktop/07 - Mar17_11/z_ORIGINALS/20110317.001.fits,Bias,BIAS,
/Users/aidandombrosky/Desktop/07 - Mar17_11/z_ORIGINALS/20110317.002.fits,Bias,BIAS,
/Users/aidandombrosky/Desktop/07 - Mar17_11/z_ORIGINALS/20110317.003.fits,Bias,BIAS,
/Users/aidandombrosky/Desktop/07 - Mar17_11/z_ORIGINALS/20110317.004.fits,Bias,BIAS,
/Users/aidandombrosky/Desktop/07 - Mar17_11/z_ORIGINALS/20110317.005.fits,Bias,BIAS,
/Users/aidandombrosky/Desktop/07 - Mar17_11/z_ORIGINALS/20110317.006.fits,Bias,BIAS,
/Users/aidandombrosky/Desktop/07 - Mar17_11/z_ORIGINALS/20110317.007.fits,Bias,BIAS,
/Users/aidandombrosky/Desktop/07 - Mar17_11/z_ORIGINALS/20110317.008.fits,Bias,BIAS,
/Users/aidandombrosky/Desktop/07 - Mar17_11/z_ORIGINALS/20110317.009.fits,Bias,BIAS,
/Users/aidandombrosky/Desktop/07 - Mar17_11/z_ORIGINALS/20110317.010.fits,Bias,BIAS,
/Users/aidandombrosky/Desktop/07 - Mar17_11/z_ORIGINALS/20110317.011.fits,Bias,BIAS,
/Users/aidandombrosky/Desktop/07 - Mar17_11/z_ORIGINALS/20110317.012.fits,Bias,BIAS,
/Users/aidandombrosky/Desktop/07 - Mar17_11/z_ORIGINALS/20110317.013.fits,Bias,BIAS,
/Users/aidandombrosky/Desktop/07 - Mar17_11/z_ORIGINALS/20110317.014.fits,Bias,BIAS,
/Users/aidandombrosky/Desktop/07 - Mar17_11/z_ORIGINALS/20110317.015.fits,Bias,BIAS,
/Users/aidandombrosky/Desktop/07 - Mar17_11/z_ORIGINALS/20110317.016.fits,Bias,BIAS,
/Users/aidandombrosky/Desktop/07 - Mar17_11/z_ORIGINALS/20110317.017.fits,Bias,BIAS,
/Users/aidandombrosky/Desktop/07 - Mar17_11/z_ORIGINALS/20110317.018.fits,Bias,BIAS,
/Users/aidandombrosky/Desktop/07 - Mar17_11/z_ORIGINALS/20110317.019.fits,Bias,BIAS,
/Users/aidandombrosky/Desktop/07 - Mar17_11/z_ORIGINALS/20110317.020.fits,Bias,BIAS,
/Users/aidandombrosky/Desktop/07 - Mar17_11/z_ORIGINALS/20110317.021.fits,Bias,BIAS,
/Users/aidandombrosky/Desktop/07 - Mar17_11/z_ORIGINALS/20110317.022.fits,Bias,BIAS,
/Users/aidandombrosky/Desktop/07 - Mar17_11/z_ORIGINALS/20110317.023.fits,Bias,BIAS,
/Users/aidandombrosky/Desktop/07 - Mar17_11/z_ORIGINALS/20110317.024.fits,Bias,BIAS,
/Users/aidandombrosky/Desktop/07 - Mar17_11/z_ORIGINALS/20110317.025.fits,flat,FLAT,
/Users/aidandombrosky/Desktop/07 - Mar17_11/z_ORIGINALS/20110317.026.fits,flat,FLAT,
/Users/aidandombrosky/Desktop/07 - Mar17_11/z_ORIGINALS/20110317.027.fits,flat,FLAT,
/Users/aidandombrosky/Desktop/07 - Mar17_11/z_ORIGINALS/20110317.028.fits,flat,FLAT,
/Users/aidandombrosky/Desktop/07 - Mar17_11/z_ORIGINALS/20110317.029.fits,flat,FLAT,
/Users/aidandombrosky/Desktop/07 - Mar17_11/z_ORIGINALS/20110317.030.fits,flat,FLAT,
/Users/aidandombrosky/Desktop/07 - Mar17_11/z_ORIGINALS/20110317.031.fits,flat,FLAT,
/Users/aidandombrosky/Desktop/07 - Mar17_11/z_ORIGINALS/20110317.032.fits,flat,FLAT,
/Users/aidandombrosky/Desktop/07 - Mar17_11/z_ORIGINALS/20110317.033.fits,flat,FLAT,
/Users/aidandombrosky/Desktop/07 - Mar17_11/z_ORIGINALS/20110317.034.fits,flat,FLAT,
/Users/aidandombrosky/Desktop/07 - Mar17_11/z_ORIGINALS/20110317.035.fits,flat,FLAT,
/Users/aidandombrosky/Desktop/07 - Mar17_11/z_ORIGINALS/20110317.036.fits,flat,FLAT,
/Users/aidandombrosky/Desktop/07 - Mar17_11/z_ORIGINALS/20110317.037.fits,flat,FLAT,
/Users/aidandombrosky/Desktop/07 - Mar17_11/z_ORIGINALS/20110317.038.fits,flat,FLAT,
/Users/aidandombrosky/Desktop/07 - Mar17_11/z_ORIGINALS/20110317.039.fits,flat,FLAT,
/Users/aidandombrosky/Desktop/07 - Mar17_11/z_ORIGINALS/20110317.040.fits,flat,FLAT,
/Users/aidandombrosky/Desktop/07 - Mar17_11/z_ORIGINALS/20110317.041.fits,flat,FLAT,
/Users/aidandombrosky/Desktop/07 - Mar17_11/z_ORIGINALS/20110317.042.fits,flat,FLAT,
/Users/aidandombrosky/Desktop/07 - Mar17_11/z_ORIGINALS/20110317.043.fits,flat,FLAT,
/Users/aidandombrosky/Desktop/07 - Mar17_11/z_ORIGINALS/20110317.044.fits,flat,FLAT,
/Users/aidandombrosky/Desktop/07 - Mar17_11/z_ORIGINALS/20110317.045.fits,HII 1883,HII 1883,
/Users/aidandombrosky/Desktop/07 - Mar17_11/z_ORIGINALS/20110317.046.fits,HII 2244,HII 2244,
/Users/aidandombrosky/Desktop/07 - Mar17_11/z_ORIGINALS/20110317.047.fits,HII 2927,HII 2927,
/Users/aidandombrosky/Desktop/07 - Mar17_11/z_ORIGINALS/20110317.048.fits,HII 1883,HII 1883,
/Users/aidandombrosky/Desktop/07 - Mar17_11/z_ORIGINALS/20110317.049.fits,HII 2244,HII 2244,
/Users/aidandombrosky/Desktop/07 - Mar17_11/z_ORIGINALS/20110317.050.fits,HII 2927,HII 2927,
/Users/aidandombrosky/Desktop/07 - Mar17_11/z_ORIGINALS/20110317.051.fits,HII 1883,HII 1883,
/Users/aidandombrosky/Desktop/07 - Mar17_11/z_ORIGINALS/20110317.052.fits,HII 2244,HII 2244,
/Users/aidandombrosky/Desktop/07 - Mar17_11/z_ORIGINALS/20110317.053.fits,HII 2927,HII 2927,
/Users/aidandombrosky/Desktop/07 - Mar17_11/z_ORIGINALS/20110317.054.fits,HII 1883,HII 1883,
/Users/aidandombrosky/Desktop/07 - Mar17_11/z_ORIGINALS/20110317.055.fits,HII 2244,HII 2244,
/Users/aidandombrosky/Desktop/07 - Mar17_11/z_ORIGINALS/20110317.056.fits,HII 2927,HII 2927,
/Users/aidandombrosky/Desktop/07 - Mar17_11/z_ORIGINALS/20110317.057.fits,HII 1883,HII 1883,
/Users/aidandombrosky/Desktop/07 - Mar17_11/z_ORIGINALS/20110317.058.fits,HII 2244,HII 2244,
/Users/aidandombrosky/Desktop/07 - Mar17_11/z_ORIGINALS/20110317.059.fits,HII 2927,HII 2927,
/Users/aidandombrosky/Desktop/07 - Mar17_11/z_ORIGINALS/20110317.060.fits,HII 1883,HII 1883,
/Users/aidandombrosky/Desktop/07 - Mar17_11/z_ORIGINALS/20110317.061.fits,UZ Cnc,UZ CNC,
/Users/aidandombrosky/Desktop/07 - Mar17_11/z_ORIGINALS/20110317.062.fits,UZ Cnc,UZ CNC,
/Users/aidandombrosky/Desktop/07 - Mar17_11/z_ORIGINALS/20110317.063.fits,UZ Cnc,UZ CNC,
/Users/aidandombrosky/Desktop/07 - Mar17_11/z_ORIGINALS/20110317.064.fits,UZ Cnc,UZ CNC,
/Users/aidandombrosky/Desktop/07 - Mar17_11/z_ORIGINALS/20110317.065.fits,UZ Cnc,UZ CNC,
/Users/aidandombrosky/Desktop/07 - Mar17_11/z_ORIGINALS/20110317.066.fits,UZ Cnc,UZ CNC,
/Users/aidandombrosky/Desktop/07 - Mar17_11/z_ORIGINALS/20110317.067.fits,UZ Cnc,UZ CNC,
/Users/aidandombrosky/Desktop/07 - Mar17_11/z_ORIGINALS/20110317.068.fits,UZ Cnc,UZ CNC,
/Users/aidandombrosky/Desktop/07 - Mar17_11/z_ORIGINALS/20110317.069.fits,UZ Cnc,UZ CNC,
/Users/aidandombrosky/Desktop/07 - Mar17_11/z_ORIGINALS/20110317.070.fits,UZ Cnc,UZ CNC,
/Users/aidandombrosky/Desktop/07 - Mar17_11/z_ORIGINALS/20110317.071.fits,UZ Cnc,UZ CNC,
/Users/aidandombrosky/Desktop/07 - Mar17_11/z_ORIGINALS/20110317.072.fits,UZ Cnc,UZ CNC,
/Users/aidandombrosky/Desktop/07 - Mar17_11/z_ORIGINALS/20110317.073.fits,UZ Cnc,UZ CNC,
/Users/aidandombrosky/Desktop/07 - Mar17_11/z_ORIGINALS/20110317.074.fits,UZ Cnc,UZ CNC,
/Users/aidandombrosky/Desktop/07 - Mar17_11/z_ORIGINALS/20110317.075.fits,UZ Cnc,UZ CNC,
/Users/aidandombrosky/Desktop/07 - Mar17_11/z_ORIGINALS/20110317.076.fits,UZ Cnc,UZ CNC,
/Users/aidandombrosky/Desktop/07 - Mar17_11/z_ORIGINALS/20110317.077.fits,UZ Cnc,UZ CNC,
/Users/aidandombrosky/Desktop/07 - Mar17_11/z_ORIGINALS/20110317.078.fits,UZ Cnc,UZ CNC,
/Users/aidandombrosky/Desktop/07 - Mar17_11/z_ORIGINALS/20110317.079.fits,UZ Cnc,UZ CNC,
/Users/aidandombrosky/Desktop/07 - Mar17_11/z_ORIGINALS/20110317.080.fits,UZ Cnc,UZ CNC,
/Users/aidandombrosky/Desktop/07 - Mar17_11/z_ORIGINALS/20110317.081.fits,UZ Cnc,UZ CNC,
/Users/aidandombrosky/Desktop/07 - Mar17_11/z_ORIGINALS/20110317.082.fits,UZ Cnc,UZ CNC,
/Users/aidandombrosky/Desktop/07 - Mar17_11/z_ORIGINALS/20110317.083.fits,UZ Cnc,UZ CNC,
/Users/aidandombrosky/Desktop/07 - Mar17_11/z_ORIGINALS/20110317.084.fits,UZ Cnc,UZ CNC,
/Users/aidandombrosky/Desktop/07 - Mar17_11/z_ORIGINALS/20110317.085.fits,UZ Cnc,UZ CNC,
/Users/aidandombrosky/Desktop/07 - Mar17_11/z_ORIGINALS/20110317.086.fits,UZ Cnc,UZ CNC,
/Users/aidandombrosky/Desktop/07 - Mar17_11/z_ORIGINALS/20110317.087.fits,UZ Cnc,UZ CNC,
/Users/aidandombrosky/Desktop/07 - Mar17_11/z_ORIGINALS/20110317.088.fits,UZ Cnc,UZ CNC,
/Users/aidandombrosky/Desktop/07 - Mar17_11/z_ORIGINALS/20110317.089.fits,UZ Cnc,UZ CNC,
/Users/aidandombrosky/Desktop/07 - Mar17_11/z_ORIGINALS/20110317.090.fits,UZ Cnc,UZ CNC,
/Users/aidandombrosky/Desktop/07 - Mar17_11/z_ORIGINALS/20110317.091.fits,UZ Cnc,UZ CNC,
/Users/aidandombrosky/Desktop/07 - Mar17_11/z_ORIGINALS/20110317.092.fits,UZ Cnc,UZ CNC,
/Users/aidandombrosky/Desktop/07 - Mar17_11/z_ORIGINALS/20110317.093.fits,UZ Cnc,UZ CNC,
/Users/aidandombrosky/Desktop/07 - Mar17_11/z_ORIGINALS/20110317.094.fits,UZ Cnc,UZ CNC,
/Users/aidandombrosky/Desktop/07 - Mar17_11/z_ORIGINALS/20110317.095.fits,UZ Cnc,UZ CNC,
/Users/aidandombrosky/Desktop/07 - Mar17_11/z_ORIGINALS/20110317.096.fits,UZ Cnc,UZ CNC,
/Users/aidandombrosky/Desktop/07 - Mar17_11/z_ORIGINALS/20110317.097.fits,UZ Cnc,UZ CNC,
/Users/aidandombrosky/Desktop/07 - Mar17_11/z_ORIGINALS/20110317.098.fits,UZ Cnc,UZ CNC,
/Users/aidandombrosky/Desktop/07 - Mar17_11/z_ORIGINALS/20110317.099.fits,UZ Cnc,UZ CNC,
/Users/aidandombrosky/Desktop/07 - Mar17_11/z_ORIGINALS/20110317.100.fits,UZ Cnc,UZ CNC,
/Users/aidandombrosky/Desktop/07 - Mar17_11/z_ORIGINALS/20110317.101.fits,UZ Cnc,UZ CNC,
/Users/aidandombrosky/Desktop/07 - Mar17_11/z_ORIGINALS/20110317.102.fits,UZ Cnc,UZ CNC,
/Users/aidandombrosky/Desktop/07 - Mar17_11/z_ORIGINALS/20110317.103.fits,UZ Cnc,UZ CNC,
/Users/aidandombrosky/Desktop/07 - Mar17_11/z_ORIGINALS/20110317.104.fits,UZ Cnc,UZ CNC,
/Users/aidandombrosky/Desktop/07 - Mar17_11/z_ORIGINALS/20110317.105.fits,UZ Cnc,UZ CNC,
/Users/aidandombrosky/Desktop/07 - Mar17_11/z_ORIGINALS/20110317.106.fits,UZ Cnc,UZ CNC,
/Users/aidandombrosky/Desktop/07 - Mar17_11/z_ORIGINALS/20110317.107.fits,UZ Cnc,UZ CNC,
/Users/aidandombrosky/Desktop/07 - Mar17_11/z_ORIGINALS/20110317.108.fits,UZ Cnc,UZ CNC,
/Users/aidandombrosky/Desktop/07 - Mar17_11/z_ORIGINALS/20110317.109.fits,UZ Cnc,UZ CNC,
/Users/aidandombrosky/Desktop/07 - Mar17_11/z_ORIGINALS/20110317.110.fits,UZ Cnc,UZ CNC,
/Users/aidandombrosky/Desktop/07 - Mar17_11/z_ORIGINALS/20110317.111.fits,UZ Cnc,UZ CNC,
/Users/aidandombrosky/Desktop/07 - Mar17_11/z_ORIGINALS/20110317.112.fits,UZ Cnc,UZ CNC,
/Users/aidandombrosky/Desktop/07 - Mar17_11/z_ORIGINALS/20110317.113.fits,UZ Cnc,UZ CNC,
/Users/aidandombrosky/Desktop/07 - Mar17_11/z_ORIGINALS/20110317.114.fits,UZ Cnc,UZ CNC,
/Users/aidandombrosky/Desktop/07 - Mar17_11/z_ORIGINALS/20110317.115.fits,UZ Cnc,UZ CNC,
/Users/aidandombrosky/Desktop/07 - Mar17_11/z_ORIGINALS/20110317.116.fits,UZ Cnc,UZ CNC,
/Users/aidandombrosky/Desktop/07 - Mar17_11/z_ORIGINALS/20110317.117.fits,UZ Cnc,UZ CNC,
/Users/aidandombrosky/Desktop/07 - Mar17_11/z_ORIGINALS/20110317.118.fits,UZ Cnc,UZ CNC,
/Users/aidandombrosky/Desktop/07 - Mar17_11/z_ORIGINALS/20110317.119.fits,UZ Cnc,UZ CNC,
/Users/aidandombrosky/Desktop/07 - Mar17_11/z_ORIGINALS/20110317.120.fits,UZ Cnc,UZ CNC,
/Users/aidandombrosky/Desktop/07 - Mar17_11/z_ORIGINALS/20110317.121.fits,UZ Cnc,UZ CNC,
/Users/aidandombrosky/Desktop/07 - Mar17_11/z_ORIGINALS/20110317.122.fits,UZ Cnc,UZ CNC,
/Users/aidandombrosky/Desktop/07 - Mar17_11/z_ORIGINALS/20110317.123.fits,UZ Cnc,UZ CNC,
/Users/aidandombrosky/Desktop/07 - Mar17_11/z_ORIGINALS/20110317.124.fits,UZ Cnc,UZ CNC,
/Users/aidandombrosky/Desktop/07 - Mar17_11/z_ORIGINALS/20110317.125.fits,UZ Cnc,UZ CNC,
/Users/aidandombrosky/Desktop/07 - Mar17_11/z_ORIGINALS/20110317.126.fits,UZ Cnc,UZ CNC,
/Users/aidandombrosky/Desktop/07 - Mar17_11/z_ORIGINALS/20110317.127.fits,UZ Cnc,UZ CNC,
/Users/aidandombrosky/Desktop/07 - Mar17_11/z_ORIGINALS/20110317.128.fits,UZ Cnc,UZ CNC,
/Users/aidandombrosky/Desktop/07 - Mar17_11/z_ORIGINALS/20110317.129.fits,UZ Cnc,UZ CNC,
/Users/aidandombrosky/Desktop/07 - Mar17_11/z_ORIGINALS/20110317.130.fits,UZ Cnc,UZ CNC,
/Users/aidandombrosky/Desktop/07 - Mar17_11/z_ORIGINALS/20110317.131.fits,UZ Cnc,UZ CNC,
/Users/aidandombrosky/Desktop/07 - Mar17_11/z_ORIGINALS/20110317.132.fits,UZ Cnc,UZ CNC,
/Users/aidandombrosky/Desktop/07 - Mar17_11/z_ORIGINALS/20110317.133.fits,UZ Cnc,UZ CNC,
/Users/aidandombrosky/Desktop/07 - Mar17_11/z_ORIGINALS/20110317.134.fits,UZ Cnc,UZ CNC,
/Users/aidandombrosky/Desktop/07 - Mar17_11/z_ORIGINALS/20110317.135.fits,UZ Cnc,UZ CNC,
/Users/aidandombrosky/Desktop/07 - Mar17_11/z_ORIGINALS/20110317.136.fits,UZ Cnc,UZ CNC,
/Users/aidandombrosky/Desktop/07 - Mar17_11/z_ORIGINALS/20110317.137.fits,UZ Cnc,UZ CNC,
/Users/aidandombrosky/Desktop/07 - Mar17_11/z_ORIGINALS/20110317.138.fits,UZ Cnc,UZ CNC,
/Users/aidandombrosky/Desktop/07 - Mar17_11/z_ORIGINALS/20110317.139.fits,UZ Cnc,UZ CNC,
/Users/aidandombrosky/Desktop/07 - Mar17_11/z_ORIGINALS/20110317.140.fits,UZ Cnc,UZ CNC,
/Users/aidandombrosky/Desktop/07 - Mar17_11/z_ORIGINALS/20110317.141.fits,UZ Cnc,UZ CNC,
/Users/aidandombrosky/Desktop/07 - Mar17_11/z_ORIGINALS/20110317.142.fits,UZ Cnc,UZ CNC,
/Users/aidandombrosky/Desktop/07 - Mar17_11/z_ORIGINALS/20110317.143.fits,UZ Cnc,UZ CNC,
/Users/aidandombrosky/Desktop/07 - Mar17_11/z_ORIGINALS/20110317.144.fits,UZ Cnc,UZ CNC,
/Users/aidandombrosky/Desktop/07 - Mar17_11/z_ORIGINALS/20110317.145.fits,UZ Cnc,UZ CNC,
/Users/aidandombrosky/Desktop/07 - Mar17_11/z_ORIGINALS/20110317.146.fits,UZ Cnc,UZ CNC,
/Users/aidandombrosky/Desktop/07 - Mar17_11/z_ORIGINALS/20110317.147.fits,UZ Cnc,UZ CNC,
/Users/aidandombrosky/Desktop/07 - Mar17_11/z_ORIGINALS/20110317.148.fits,UZ Cnc,UZ CNC,
/Users/aidandombrosky/Desktop/07 - Mar17_11/z_ORIGINALS/20110317.149.fits,UZ Cnc,UZ CNC,
/Users/aidandombrosky/Desktop/07 - Mar17_11/z_ORIGINALS/20110317.150.fits,UZ Cnc,UZ CNC,
/Users/aidandombrosky/Desktop/07 - Mar17_11/z_ORIGINALS/20110317.151.fits,UZ Cnc,UZ CNC,
/Users/aidandombrosky/Desktop/07 - Mar17_11/z_ORIGINALS/20110317.152.fits,UZ Cnc,UZ CNC,
/Users/aidandombrosky/Desktop/07 - Mar17_11/z_ORIGINALS/20110317.153.fits,UZ Cnc,UZ CNC,
/Users/aidandombrosky/Desktop/07 - Mar17_11/z_ORIGINALS/20110317.154.fits,UZ Cnc,UZ CNC,
/Users/aidandombrosky/Desktop/07 - Mar17_11/z_ORIGINALS/20110317.155.fits,UZ Cnc,UZ CNC,
/Users/aidandombrosky/Desktop/07 - Mar17_11/z_ORIGINALS/20110317.156.fits,UZ Cnc,UZ CNC,
/Users/aidandombrosky/Desktop/07 - Mar17_11/z_ORIGINALS/20110317.157.fits,UZ Cnc,UZ CNC,
/Users/aidandombrosky/Desktop/07 - Mar17_11/z_ORIGINALS/20110317.158.fits,UZ Cnc,UZ CNC,
/Users/aidandombrosky/Desktop/07 - Mar17_11/z_ORIGINALS/20110317.159.fits,UZ Cnc,UZ CNC,
/Users/aidandombrosky/Desktop/07 - Mar17_11/z_ORIGINALS/20110317.160.fits,UZ Cnc,UZ CNC,
/Users/aidandombrosky/Desktop/07 - Mar17_11/z_ORIGINALS/20110317.161.fits,UZ Cnc,UZ CNC,
/Users/aidandombrosky/Desktop/07 - Mar17_11/z_ORIGINALS/20110317.162.fits,UZ Cnc,UZ CNC,
/Users/aidandombrosky/Desktop/07 - Mar17_11/z_ORIGINALS/20110317.163.fits,UZ Cnc,UZ CNC,
/Users/aidandombrosky/Desktop/07 - Mar17_11/z_ORIGINALS/20110317.164.fits,UZ Cnc,UZ CNC,
/Users/aidandombrosky/Desktop/07 - Mar17_11/z_ORIGINALS/20110317.165.fits,UZ Cnc,UZ CNC,
/Users/aidandombrosky/Desktop/07 - Mar17_11/z_ORIGINALS/20110317.166.fits,UZ Cnc,UZ CNC,
/Users/aidandombrosky/Desktop/07 - Mar17_11/z_ORIGINALS/20110317.167.fits,UZ Cnc,UZ CNC,
/Users/aidandombrosky/Desktop/07 - Mar17_11/z_ORIGINALS/20110317.168.fits,UZ Cnc,UZ CNC,
/Users/aidandombrosky/Desktop/07 - Mar17_11/z_ORIGINALS/20110317.169.fits,UZ Cnc,UZ CNC,
/Users/aidandombrosky/Desktop/07 - Mar17_11/z_ORIGINALS/20110317.170.fits,UZ Cnc,UZ CNC,
/Users/aidandombrosky/Desktop/07 - Mar17_11/z_ORIGINALS/20110317.171.fits,UZ Cnc,UZ CNC,
/Users/aidandombrosky/Desktop/07 - Mar17_11/z_ORIGINALS/20110317.172.fits,UZ Cnc,UZ CNC,
/Users/aidandombrosky/Desktop/07 - Mar17_11/z_ORIGINALS/20110317.173.fits,UZ Cnc,UZ CNC,
/Users/aidandombrosky/Desktop/07 - Mar17_11/z_ORIGINALS/20110317.174.fits,UZ Cnc,UZ CNC,
/Users/aidandombrosky/Desktop/07 - Mar17_11/z_ORIGINALS/20110317.175.fits,UZ Cnc,UZ CNC,
/Users/aidandombrosky/Desktop/07 - Mar17_11/z_ORIGINALS/20110317.176.fits,UZ Cnc,UZ CNC,
/Users/aidandombrosky/Desktop/07 - Mar17_11/z_ORIGINALS/20110317.177.fits,UZ Cnc,UZ CNC,
/Users/aidandombrosky/Desktop/07 - Mar17_11/z_ORIGINALS/20110317.178.fits,UZ Cnc,UZ CNC,
/Users/aidandombrosky/Desktop/07 - Mar17_11/z_ORIGINALS/20110317.179.fits,UZ Cnc,UZ CNC,
/Users/aidandombrosky/Desktop/07 - Mar17_11/z_ORIGINALS/20110317.180.fits,UZ Cnc,UZ CNC,
/Users/aidandombrosky/Desktop/07 - Mar17_11/z_ORIGINALS/20110317.181.fits,UZ Cnc,UZ CNC,
/Users/aidandombrosky/Desktop/07 - Mar17_11/z_ORIGINALS/20110317.182.fits,UZ Cnc,UZ CNC,
/Users/aidandombrosky/Desktop/07 - Mar17_11/z_ORIGINALS/20110317.183.fits,UZ Cnc,UZ CNC,
/Users/aidandombrosky/Desktop/07 - Mar17_11/z_ORIGINALS/20110317.184.fits,UZ Cnc,UZ CNC,
/Users/aidandombrosky/Desktop/07 - Mar17_11/z_ORIGINALS/20110317.185.fits,UZ Cnc,UZ CNC,
/Users/aidandombrosky/Desktop/07 - Mar17_11/z_ORIGINALS/20110317.186.fits,UZ Cnc,UZ CNC,
/Users/aidandombrosky/Desktop/07 - Mar17_11/z_ORIGINALS/20110317.187.fits,UZ Cnc,UZ CNC,
/Users/aidandombrosky/Desktop/07 - Mar17_11/z_ORIGINALS/20110317.188.fits,UZ Cnc,UZ CNC,
/Users/aidandombrosky/Desktop/07 - Mar17_11/z_ORIGINALS/20110317.189.fits,UZ Cnc,UZ CNC,
/Users/aidandombrosky/Desktop/07 - Mar17_11/z_ORIGINALS/20110317.190.fits,UZ Cnc,UZ CNC,
/Users/aidandombrosky/Desktop/07 - Mar17_11/z_ORIGINALS/20110317.191.fits,UZ Cnc,UZ CNC,
/Users/aidandombrosky/Desktop/07 - Mar17_11/z_ORIGINALS/20110317.192.fits,UZ Cnc,UZ CNC,
/Users/aidandombrosky/Desktop/07 - Mar17_11/z_ORIGINALS/20110317.193.fits,UZ Cnc,UZ CNC,
/Users/aidandombrosky/Desktop/07 - Mar17_11/z_ORIGINALS/20110317.194.fits,UZ Cnc,UZ CNC,
/Users/aidandombrosky/Desktop/07 - Mar17_11/z_ORIGINALS/20110317.195.fits,UZ Cnc,UZ CNC,
/Users/aidandombrosky/Desktop/07 - Mar17_11/z_ORIGINALS/20110317.196.fits,UZ Cnc,UZ CNC,
/Users/aidandombrosky/Desktop/07 - Mar17_11/z_ORIGINALS/20110317.197.fits,UZ Cnc,UZ CNC,
/Users/aidandombrosky/Desktop/07 - Mar17_11/z_ORIGINALS/20110317.198.fits,UZ Cnc,UZ CNC,
/Users/aidandombrosky/Desktop/07 - Mar17_11/z_ORIGINALS/20110317.199.fits,UZ Cnc,UZ CNC,
/Users/aidandombrosky/Desktop/07 - Mar17_11/z_ORIGINALS/20110317.200.fits,UZ Cnc,UZ CNC,
/Users/aidandombrosky/Desktop/07 - Mar17_11/z_ORIGINALS/20110317.201.fits,UZ Cnc,UZ CNC,
/Users/aidandombrosky/Desktop/07 - Mar17_11/z_ORIGINALS/20110317.202.fits,UZ Cnc,UZ CNC,
/Users/aidandombrosky/Desktop/07 - Mar17_11/z_ORIGINALS/20110317.203.fits,UZ Cnc,UZ CNC,
/Users/aidandombrosky/Desktop/07 - Mar17_11/z_ORIGINALS/20110317.204.fits,UZ Cnc,UZ CNC,
/Users/aidandombrosky/Desktop/07 - Mar17_11/z_ORIGINALS/20110317.205.fits,UZ Cnc,UZ CNC,
/Users/aidandombrosky/Desktop/07 - Mar17_11/z_ORIGINALS/20110317.206.fits,UZ Cnc,UZ CNC,
/Users/aidandombrosky/Desktop/07 - Mar17_11/z_ORIGINALS/20110317.207.fits,UZ Cnc,UZ CNC,
/Users/aidandombrosky/Desktop/07 - Mar17_11/z_ORIGINALS/20110317.208.fits,UZ Cnc,UZ CNC,
/Users/aidandombrosky/Desktop/07 - Mar17_11/z_ORIGINALS/20110317.209.fits,UZ Cnc,UZ CNC,
/Users/aidandombrosky/Desktop/07 - Mar17_11/z_ORIGINALS/20110317.210.fits,UZ Cnc,UZ CNC,
/Users/aidandombrosky/Desktop/07 - Mar17_11/z_ORIGINALS/20110317.211.fits,UZ Cnc,UZ CNC,
/Users/aidandombrosky/Desktop/07 - Mar17_11/z_ORIGINALS/20110317.212.fits,UZ Cnc,UZ CNC,
/Users/aidandombrosky/Desktop/07 - Mar17_11/z_ORIGINALS/20110317.213.fits,UZ Cnc,UZ CNC,
/Users/aidandombrosky/Desktop/07 - Mar17_11/z_ORIGINALS/20110317.214.fits,UZ Cnc,UZ CNC,
/Users/aidandombrosky/Desktop/07 - Mar17_11/z_ORIGINALS/20110317.215.fits,UZ Cnc,UZ CNC,
/Users/aidandombrosky/Desktop/07 - Mar17_11/z_ORIGINALS/20110317.216.fits,UZ Cnc,UZ CNC,
/Users/aidandombrosky/Desktop/07 - Mar17_11/z_ORIGINALS/20110317.217.fits,UZ Cnc,UZ CNC,
/Users/aidandombrosky/Desktop/07 - Mar17_11/z_ORIGINALS/20110317.218.fits,UZ Cnc,UZ CNC,
/Users/aidandombrosky/Desktop/07 - Mar17_11/z_ORIGINALS/20110317.219.fits,UZ Cnc,UZ CNC,
/Users/aidandombrosky/Desktop/07 - Mar17_11/z_ORIGINALS/20110317.220.fits,UZ Cnc,UZ CNC,
/Users/aidandombrosky/Desktop/07 - Mar17_11/z_ORIGINALS/20110317.221.fits,UZ Cnc,UZ CNC,
/Users/aidandombrosky/Desktop/07 - Mar17_11/z_ORIGINALS/20110317.222.fits,UZ Cnc,UZ CNC,
/Users/aidandombrosky/Desktop/07 - Mar17_11/z_ORIGINALS/20110317.223.fits,UZ Cnc,UZ CNC,
/Users/aidandombrosky/Desktop/07 - Mar17_11/z_ORIGINALS/20110317.224.fits,UZ Cnc,UZ CNC,
/Users/aidandombrosky/Desktop/07 - Mar17_11/z_ORIGINALS/20110317.225.fits,UZ Cnc,UZ CNC,
/Users/aidandombrosky/Desktop/07 - Mar17_11/z_ORIGINALS/20110317.227.fits,Test,TEST,
/Users/aidandombrosky/Desktop/07 - Mar17_11/z_ORIGINALS/20110317.228.fits,Test,TEST,
/Users/aidandombrosky/Desktop/07 - Mar17_11/z_ORIGINALS/20110317.229.fits,Test,TEST,
/Users/aidandombrosky/Desktop/07 - Mar17_11/z_ORIGINALS/20110317.230.fits,Test,TEST,
/Users/aidandombrosky/Desktop/07 - Mar17_11/z_ORIGINALS/20110317.231.fits,Test,TEST,
/Users/aidandombrosky/Desktop/07 - Mar17_11/z_ORIGINALS/20110317.232.fits,Test,TEST,
/Users/aidandombrosky/Desktop/07 - Mar17_11/z_ORIGINALS/20110317.233.fits,Test,TEST,
/Users/aidandombrosky/Desktop/07 - Mar17_11/z_ORIGINALS/20110317.234.fits,Test,TEST,
/Users/aidandombrosky/Desktop/07 - Mar17_11/z_ORIGINALS/20110317.235.fits,Test,TEST,
/Users/aidandombrosky/Desktop/07 - Mar17_11/z_ORIGINALS/20110317.236.fits,Test,TEST,
/Users/aidandombrosky/Desktop/07 - Mar17_11/z_ORIGINALS/20110317.237.fits,Test,TEST,
/Users/aidandombrosky/Desktop/07 - Mar17_11/z_ORIGINALS/20110317.238.fits,Test,TEST,
/Users/aidandombrosky/Desktop/07 - Mar17_11/z_ORIGINALS/20110317.239.fits,Test,TEST,
/Users/aidandombrosky/Desktop/07 - Mar17_11/z_ORIGINALS/20110317.240.fits,Test,TEST,
/Users/aidandombrosky/Desktop/07 - Mar17_11/z_ORIGINALS/20110317.241.fits,Test,TEST,
/Users/aidandombrosky/Desktop/07 - Mar17_11/z_ORIGINALS/20110317.242.fits,Test,TEST,
/Users/aidandombrosky/Desktop/07 - Mar17_11/z_ORIGINALS/20110317.243.fits,Test,TEST,
/Users/aidandombrosky/Desktop/07 - Mar17_11/z_ORIGINALS/20110317.244.fits,Test,TEST,
/Users/aidandombrosky/Desktop/07 - Mar17_11/z_ORIGINALS/20110317.245.fits,Test,TEST,
/Users/aidandombrosky/Desktop/07 - Mar17_11/z_ORIGINALS/20110317.246.fits,Test,TEST,
/Users/aidandombrosky/Desktop/07 - Mar17_11/z_ORIGINALS/20110317.247.fits,Test,TEST,
/Users/aidandombrosky/Desktop/07 - Mar17_11/z_ORIGINALS/20110317.248.fits,Test,TEST,
/Users/aidandombrosky/Desktop/07 - Mar17_11/z_ORIGINALS/20110317.249.fits,Test,TEST,
/Users/aidandombrosky/Desktop/07 - Mar17_11/z_ORIGINALS/20110317.250.fits,Test,TEST,
